alpha_deg,y,chord,cl_section,span_load_cl_c,alpha_ind_deg
-2.000,-3.6991,0.64889,-0.15642,-0.10150,4.4264
-2.000,-3.6954,0.64985,-0.21434,-0.13929,3.8393
-2.000,-3.6881,0.65177,-0.26161,-0.17051,3.3543
-2.000,-3.6772,0.65464,-0.29829,-0.19528,2.9708
-2.000,-3.6626,0.65847,-0.32706,-0.21536,2.6619
-2.000,-3.6445,0.66326,-0.34972,-0.23195,2.4096
-2.000,-3.6227,0.66898,-0.36750,-0.24585,2.2015
-2.000,-3.5973,0.67565,-0.38128,-0.25761,2.0287
-2.000,-3.5684,0.68325,-0.39171,-0.26763,1.8848
-2.000,-3.5360,0.69178,-0.39930,-0.27623,1.7647
-2.000,-3.5001,0.70122,-0.40445,-0.28361,1.6644
-2.000,-3.4607,0.71157,-0.40748,-0.28995,1.5807
-2.000,-3.4179,0.72282,-0.40867,-0.29539,1.5109
-2.000,-3.3718,0.73496,-0.40823,-0.30003,1.4530
-2.000,-3.3223,0.74797,-0.40636,-0.30394,1.4049
-2.000,-3.2695,0.76185,-0.40322,-0.30719,1.3652
-2.000,-3.2135,0.77657,-0.39895,-0.30981,1.3325
-2.000,-3.1544,0.79213,-0.39367,-0.31184,1.3055
-2.000,-3.0921,0.80850,-0.38751,-0.31330,1.2833
-2.000,-3.0268,0.82568,-0.38055,-0.31421,1.2650
-2.000,-2.9585,0.84365,-0.37287,-0.31457,1.2499
-2.000,-2.8872,0.86238,-0.36457,-0.31439,1.2371
-2.000,-2.8132,0.88186,-0.35570,-0.31368,1.2261
-2.000,-2.7363,0.90207,-0.34634,-0.31242,1.2163
-2.000,-2.6567,0.92299,-0.33654,-0.31063,1.2073
-2.000,-2.5746,0.94460,-0.32637,-0.30829,1.1985
-2.000,-2.4898,0.96688,-0.31587,-0.30540,1.1896
-2.000,-2.4027,0.98980,-0.30508,-0.30197,1.1802
-2.000,-2.3131,1.01335,-0.29407,-0.29800,1.1699
-2.000,-2.2213,1.03750,-0.28286,-0.29347,1.1584
-2.000,-2.1273,1.06223,-0.27151,-0.28840,1.1455
-2.000,-2.0311,1.08750,-0.26004,-0.28280,1.1308
-2.000,-1.9330,1.11331,-0.24851,-0.27666,1.1142
-2.000,-1.8330,1.13961,-0.23693,-0.27001,1.0954
-2.000,-1.7311,1.16639,-0.22535,-0.26285,1.0742
-2.000,-1.6276,1.19363,-0.21380,-0.25519,1.0503
-2.000,-1.5224,1.22128,-0.20231,-0.24707,1.0238
-2.000,-1.4158,1.24933,-0.19090,-0.23850,0.9943
-2.000,-1.3077,1.27774,-0.17961,-0.22950,0.9617
-2.000,-1.1983,1.30650,-0.16847,-0.22010,0.9260
-2.000,-1.0878,1.33556,-0.15748,-0.21033,0.8870
-2.000,-0.9762,1.36491,-0.14668,-0.20020,0.8448
-2.000,-0.8636,1.39451,-0.13607,-0.18975,0.7993
-2.000,-0.7502,1.42434,-0.12566,-0.17899,0.7507
-2.000,-0.6361,1.45436,-0.11545,-0.16791,0.6990
-2.000,-0.5213,1.48455,-0.10542,-0.15650,0.6447
-2.000,-0.4060,1.51487,-0.09550,-0.14467,0.5886
-2.000,-0.2903,1.54529,-0.08557,-0.13224,0.5321
-2.000,-0.1743,1.57579,-0.07533,-0.11871,0.4783
-2.000,-0.0581,1.60634,-0.06388,-0.10262,0.4364
-2.000,0.0581,1.60634,-0.06388,-0.10262,0.4364
-2.000,0.1743,1.57579,-0.07533,-0.11871,0.4783
-2.000,0.2903,1.54529,-0.08557,-0.13224,0.5321
-2.000,0.4060,1.51487,-0.09550,-0.14467,0.5886
-2.000,0.5213,1.48455,-0.10542,-0.15650,0.6447
-2.000,0.6361,1.45436,-0.11545,-0.16791,0.6990
-2.000,0.7502,1.42434,-0.12566,-0.17899,0.7507
-2.000,0.8636,1.39451,-0.13607,-0.18975,0.7993
-2.000,0.9762,1.36491,-0.14668,-0.20020,0.8448
-2.000,1.0878,1.33556,-0.15748,-0.21033,0.8870
-2.000,1.1983,1.30650,-0.16847,-0.22010,0.9260
-2.000,1.3077,1.27774,-0.17961,-0.22950,0.9617
-2.000,1.4158,1.24933,-0.19090,-0.23850,0.9943
-2.000,1.5224,1.22128,-0.20231,-0.24707,1.0238
-2.000,1.6276,1.19363,-0.21380,-0.25519,1.0503
-2.000,1.7311,1.16639,-0.22535,-0.26285,1.0742
-2.000,1.8330,1.13961,-0.23693,-0.27001,1.0954
-2.000,1.9330,1.11331,-0.24851,-0.27666,1.1142
-2.000,2.0311,1.08750,-0.26004,-0.28280,1.1308
-2.000,2.1273,1.06223,-0.27151,-0.28840,1.1455
-2.000,2.2213,1.03750,-0.28286,-0.29347,1.1584
-2.000,2.3131,1.01335,-0.29407,-0.29800,1.1699
-2.000,2.4027,0.98980,-0.30508,-0.30197,1.1802
-2.000,2.4898,0.96688,-0.31587,-0.30540,1.1896
-2.000,2.5746,0.94460,-0.32637,-0.30829,1.1985
-2.000,2.6567,0.92299,-0.33654,-0.31063,1.2073
-2.000,2.7363,0.90207,-0.34634,-0.31242,1.2163
-2.000,2.8132,0.88186,-0.35570,-0.31368,1.2261
-2.000,2.8872,0.86238,-0.36457,-0.31439,1.2371
-2.000,2.9585,0.84365,-0.37287,-0.31457,1.2499
-2.000,3.0268,0.82568,-0.38055,-0.31421,1.2650
-2.000,3.0921,0.80850,-0.38751,-0.31330,1.2833
-2.000,3.1544,0.79213,-0.39367,-0.31184,1.3055
-2.000,3.2135,0.77657,-0.39895,-0.30981,1.3325
-2.000,3.2695,0.76185,-0.40322,-0.30719,1.3652
-2.000,3.3223,0.74797,-0.40636,-0.30394,1.4049
-2.000,3.3718,0.73496,-0.40823,-0.30003,1.4530
-2.000,3.4179,0.72282,-0.40867,-0.29539,1.5109
-2.000,3.4607,0.71157,-0.40748,-0.28995,1.5807
-2.000,3.5001,0.70122,-0.40445,-0.28361,1.6644
-2.000,3.5360,0.69178,-0.39930,-0.27623,1.7647
-2.000,3.5684,0.68325,-0.39171,-0.26763,1.8848
-2.000,3.5973,0.67565,-0.38128,-0.25761,2.0287
-2.000,3.6227,0.66898,-0.36750,-0.24585,2.2015
-2.000,3.6445,0.66326,-0.34972,-0.23195,2.4096
-2.000,3.6626,0.65847,-0.32706,-0.21536,2.6619
-2.000,3.6772,0.65464,-0.29829,-0.19528,2.9708
-2.000,3.6881,0.65177,-0.26161,-0.17051,3.3543
-2.000,3.6954,0.64985,-0.21434,-0.13929,3.8393
-2.000,3.6991,0.64889,-0.15642,-0.10150,4.4264
-1.000,-3.6991,0.64889,-0.12340,-0.08008,3.7583
-1.000,-3.6954,0.64985,-0.16908,-0.10988,3.2943
-1.000,-3.6881,0.65177,-0.20632,-0.13447,2.9101
-1.000,-3.6772,0.65464,-0.23515,-0.15394,2.6055
-1.000,-3.6626,0.65847,-0.25766,-0.16966,2.3596
-1.000,-3.6445,0.66326,-0.27527,-0.18257,2.1580
-1.000,-3.6227,0.66898,-0.28895,-0.19330,1.9911
-1.000,-3.5973,0.67565,-0.29938,-0.20228,1.8519
-1.000,-3.5684,0.68325,-0.30708,-0.20982,1.7354
-1.000,-3.5360,0.69178,-0.31246,-0.21615,1.6376
-1.000,-3.5001,0.70122,-0.31581,-0.22146,1.5553
-1.000,-3.4607,0.71157,-0.31742,-0.22586,1.4860
-1.000,-3.4179,0.72282,-0.31747,-0.22948,1.4276
-1.000,-3.3718,0.73496,-0.31617,-0.23237,1.3783
-1.000,-3.3223,0.74797,-0.31367,-0.23461,1.3366
-1.000,-3.2695,0.76185,-0.31009,-0.23624,1.3013
-1.000,-3.2135,0.77657,-0.30556,-0.23729,1.2712
-1.000,-3.1544,0.79213,-0.30018,-0.23778,1.2453
-1.000,-3.0921,0.80850,-0.29404,-0.23773,1.2229
-1.000,-3.0268,0.82568,-0.28722,-0.23715,1.2031
-1.000,-2.9585,0.84365,-0.27980,-0.23606,1.1854
-1.000,-2.8872,0.86238,-0.27186,-0.23444,1.1690
-1.000,-2.8132,0.88186,-0.26344,-0.23232,1.1535
-1.000,-2.7363,0.90207,-0.25462,-0.22968,1.1383
-1.000,-2.6567,0.92299,-0.24544,-0.22654,1.1231
-1.000,-2.5746,0.94460,-0.23596,-0.22289,1.1073
-1.000,-2.4898,0.96688,-0.22622,-0.21873,1.0907
-1.000,-2.4027,0.98980,-0.21628,-0.21407,1.0728
-1.000,-2.3131,1.01335,-0.20617,-0.20892,1.0534
-1.000,-2.2213,1.03750,-0.19594,-0.20329,1.0322
-1.000,-2.1273,1.06223,-0.18563,-0.19718,1.0087
-1.000,-2.0311,1.08750,-0.17528,-0.19062,0.9829
-1.000,-1.9330,1.11331,-0.16493,-0.18361,0.9544
-1.000,-1.8330,1.13961,-0.15461,-0.17619,0.9229
-1.000,-1.7311,1.16639,-0.14437,-0.16839,0.8882
-1.000,-1.6276,1.19363,-0.13423,-0.16022,0.8501
-1.000,-1.5224,1.22128,-0.12424,-0.15173,0.8084
-1.000,-1.4158,1.24933,-0.11443,-0.14297,0.7629
-1.000,-1.3077,1.27774,-0.10484,-0.13396,0.7133
-1.000,-1.1983,1.30650,-0.09550,-0.12477,0.6594
-1.000,-1.0878,1.33556,-0.08645,-0.11546,0.6010
-1.000,-0.9762,1.36491,-0.07772,-0.10608,0.5380
-1.000,-0.8636,1.39451,-0.06934,-0.09670,0.4701
-1.000,-0.7502,1.42434,-0.06136,-0.08739,0.3971
-1.000,-0.6361,1.45436,-0.05379,-0.07824,0.3188
-1.000,-0.5213,1.48455,-0.04669,-0.06931,0.2351
-1.000,-0.4060,1.51487,-0.04007,-0.06070,0.1459
-1.000,-0.2903,1.54529,-0.03394,-0.05245,0.0511
-1.000,-0.1743,1.57579,-0.02829,-0.04458,-0.0489
-1.000,-0.0581,1.60634,-0.02294,-0.03685,-0.1520
-1.000,0.0581,1.60634,-0.02294,-0.03685,-0.1520
-1.000,0.1743,1.57579,-0.02829,-0.04458,-0.0489
-1.000,0.2903,1.54529,-0.03394,-0.05245,0.0511
-1.000,0.4060,1.51487,-0.04007,-0.06070,0.1459
-1.000,0.5213,1.48455,-0.04669,-0.06931,0.2351
-1.000,0.6361,1.45436,-0.05379,-0.07824,0.3188
-1.000,0.7502,1.42434,-0.06136,-0.08739,0.3971
-1.000,0.8636,1.39451,-0.06934,-0.09670,0.4701
-1.000,0.9762,1.36491,-0.07772,-0.10608,0.5380
-1.000,1.0878,1.33556,-0.08645,-0.11546,0.6010
-1.000,1.1983,1.30650,-0.09550,-0.12477,0.6594
-1.000,1.3077,1.27774,-0.10484,-0.13396,0.7133
-1.000,1.4158,1.24933,-0.11443,-0.14297,0.7629
-1.000,1.5224,1.22128,-0.12424,-0.15173,0.8084
-1.000,1.6276,1.19363,-0.13423,-0.16022,0.8501
-1.000,1.7311,1.16639,-0.14437,-0.16839,0.8882
-1.000,1.8330,1.13961,-0.15461,-0.17619,0.9229
-1.000,1.9330,1.11331,-0.16493,-0.18361,0.9544
-1.000,2.0311,1.08750,-0.17528,-0.19062,0.9829
-1.000,2.1273,1.06223,-0.18563,-0.19718,1.0087
-1.000,2.2213,1.03750,-0.19594,-0.20329,1.0322
-1.000,2.3131,1.01335,-0.20617,-0.20892,1.0534
-1.000,2.4027,0.98980,-0.21628,-0.21407,1.0728
-1.000,2.4898,0.96688,-0.22622,-0.21873,1.0907
-1.000,2.5746,0.94460,-0.23596,-0.22289,1.1073
-1.000,2.6567,0.92299,-0.24544,-0.22654,1.1231
-1.000,2.7363,0.90207,-0.25462,-0.22968,1.1383
-1.000,2.8132,0.88186,-0.26344,-0.23232,1.1535
-1.000,2.8872,0.86238,-0.27186,-0.23444,1.1690
-1.000,2.9585,0.84365,-0.27980,-0.23606,1.1854
-1.000,3.0268,0.82568,-0.28722,-0.23715,1.2031
-1.000,3.0921,0.80850,-0.29404,-0.23773,1.2229
-1.000,3.1544,0.79213,-0.30018,-0.23778,1.2453
-1.000,3.2135,0.77657,-0.30556,-0.23729,1.2712
-1.000,3.2695,0.76185,-0.31009,-0.23624,1.3013
-1.000,3.3223,0.74797,-0.31367,-0.23461,1.3366
-1.000,3.3718,0.73496,-0.31617,-0.23237,1.3783
-1.000,3.4179,0.72282,-0.31747,-0.22948,1.4276
-1.000,3.4607,0.71157,-0.31742,-0.22586,1.4860
-1.000,3.5001,0.70122,-0.31581,-0.22146,1.5553
-1.000,3.5360,0.69178,-0.31246,-0.21615,1.6376
-1.000,3.5684,0.68325,-0.30708,-0.20982,1.7354
-1.000,3.5973,0.67565,-0.29938,-0.20228,1.8519
-1.000,3.6227,0.66898,-0.28895,-0.19330,1.9911
-1.000,3.6445,0.66326,-0.27527,-0.18257,2.1580
-1.000,3.6626,0.65847,-0.25766,-0.16966,2.3596
-1.000,3.6772,0.65464,-0.23515,-0.15394,2.6055
-1.000,3.6881,0.65177,-0.20632,-0.13447,2.9101
-1.000,3.6954,0.64985,-0.16908,-0.10988,3.2943
-1.000,3.6991,0.64889,-0.12340,-0.08008,3.7583
0.000,-3.6991,0.64889,-0.09038,-0.05865,3.0902
0.000,-3.6954,0.64985,-0.12382,-0.08047,2.7492
0.000,-3.6881,0.65177,-0.15103,-0.09843,2.4659
0.000,-3.6772,0.65464,-0.17200,-0.11260,2.2403
0.000,-3.6626,0.65847,-0.18825,-0.12396,2.0572
0.000,-3.6445,0.66326,-0.20082,-0.13319,1.9063
0.000,-3.6227,0.66898,-0.21040,-0.14075,1.7806
0.000,-3.5973,0.67565,-0.21748,-0.14694,1.6751
0.000,-3.5684,0.68325,-0.22246,-0.15200,1.5860
0.000,-3.5360,0.69178,-0.22561,-0.15607,1.5105
0.000,-3.5001,0.70122,-0.22718,-0.15930,1.4463
0.000,-3.4607,0.71157,-0.22735,-0.16177,1.3914
0.000,-3.4179,0.72282,-0.22628,-0.16356,1.3443
0.000,-3.3718,0.73496,-0.22412,-0.16472,1.3036
0.000,-3.3223,0.74797,-0.22098,-0.16529,1.2683
0.000,-3.2695,0.76185,-0.21696,-0.16529,1.2374
0.000,-3.2135,0.77657,-0.21217,-0.16476,1.2099
0.000,-3.1544,0.79213,-0.20668,-0.16371,1.1852
0.000,-3.0921,0.80850,-0.20056,-0.16216,1.1625
0.000,-3.0268,0.82568,-0.19389,-0.16010,1.1412
0.000,-2.9585,0.84365,-0.18674,-0.15754,1.1209
0.000,-2.8872,0.86238,-0.17915,-0.15449,1.1009
0.000,-2.8132,0.88186,-0.17118,-0.15096,1.0808
0.000,-2.7363,0.90207,-0.16290,-0.14694,1.0603
0.000,-2.6567,0.92299,-0.15434,-0.14245,1.0388
0.000,-2.5746,0.94460,-0.14555,-0.13748,1.0161
0.000,-2.4898,0.96688,-0.13658,-0.13205,0.9918
0.000,-2.4027,0.98980,-0.12747,-0.12617,0.9655
0.000,-2.3131,1.01335,-0.11827,-0.11985,0.9370
0.000,-2.2213,1.03750,-0.10902,-0.11310,0.9059
0.000,-2.1273,1.06223,-0.09975,-0.10596,0.8720
0.000,-2.0311,1.08750,-0.09051,-0.09843,0.8349
0.000,-1.9330,1.11331,-0.08135,-0.09056,0.7945
0.000,-1.8330,1.13961,-0.07229,-0.08238,0.7504
0.000,-1.7311,1.16639,-0.06338,-0.07393,0.7023
0.000,-1.6276,1.19363,-0.05466,-0.06525,0.6500
0.000,-1.5224,1.22128,-0.04618,-0.05640,0.5931
0.000,-1.4158,1.24933,-0.03797,-0.04743,0.5315
0.000,-1.3077,1.27774,-0.03007,-0.03842,0.4649
0.000,-1.1983,1.30650,-0.02254,-0.02945,0.3928
0.000,-1.0878,1.33556,-0.01542,-0.02059,0.3150
0.000,-0.9762,1.36491,-0.00876,-0.01195,0.2312
0.000,-0.8636,1.39451,-0.00261,-0.00364,0.1408
0.000,-0.7502,1.42434,0.00295,0.00420,0.0435
0.000,-0.6361,1.45436,0.00787,0.01144,-0.0614
0.000,-0.5213,1.48455,0.01204,0.01788,-0.1745
0.000,-0.4060,1.51487,0.01537,0.02328,-0.2969
0.000,-0.2903,1.54529,0.01769,0.02734,-0.4299
0.000,-0.1743,1.57579,0.01875,0.02955,-0.5760
0.000,-0.0581,1.60634,0.01801,0.02892,-0.7405
0.000,0.0581,1.60634,0.01801,0.02892,-0.7405
0.000,0.1743,1.57579,0.01875,0.02955,-0.5760
0.000,0.2903,1.54529,0.01769,0.02734,-0.4299
0.000,0.4060,1.51487,0.01537,0.02328,-0.2969
0.000,0.5213,1.48455,0.01204,0.01788,-0.1745
0.000,0.6361,1.45436,0.00787,0.01144,-0.0614
0.000,0.7502,1.42434,0.00295,0.00420,0.0435
0.000,0.8636,1.39451,-0.00261,-0.00364,0.1408
0.000,0.9762,1.36491,-0.00876,-0.01195,0.2312
0.000,1.0878,1.33556,-0.01542,-0.02059,0.3150
0.000,1.1983,1.30650,-0.02254,-0.02945,0.3928
0.000,1.3077,1.27774,-0.03007,-0.03842,0.4649
0.000,1.4158,1.24933,-0.03797,-0.04743,0.5315
0.000,1.5224,1.22128,-0.04618,-0.05640,0.5931
0.000,1.6276,1.19363,-0.05466,-0.06525,0.6500
0.000,1.7311,1.16639,-0.06338,-0.07393,0.7023
0.000,1.8330,1.13961,-0.07229,-0.08238,0.7504
0.000,1.9330,1.11331,-0.08135,-0.09056,0.7945
0.000,2.0311,1.08750,-0.09051,-0.09843,0.8349
0.000,2.1273,1.06223,-0.09975,-0.10596,0.8720
0.000,2.2213,1.03750,-0.10902,-0.11310,0.9059
0.000,2.3131,1.01335,-0.11827,-0.11985,0.9370
0.000,2.4027,0.98980,-0.12747,-0.12617,0.9655
0.000,2.4898,0.96688,-0.13658,-0.13205,0.9918
0.000,2.5746,0.94460,-0.14555,-0.13748,1.0161
0.000,2.6567,0.92299,-0.15434,-0.14245,1.0388
0.000,2.7363,0.90207,-0.16290,-0.14694,1.0603
0.000,2.8132,0.88186,-0.17118,-0.15096,1.0808
0.000,2.8872,0.86238,-0.17915,-0.15449,1.1009
0.000,2.9585,0.84365,-0.18674,-0.15754,1.1209
0.000,3.0268,0.82568,-0.19389,-0.16010,1.1412
0.000,3.0921,0.80850,-0.20056,-0.16216,1.1625
0.000,3.1544,0.79213,-0.20668,-0.16371,1.1852
0.000,3.2135,0.77657,-0.21217,-0.16476,1.2099
0.000,3.2695,0.76185,-0.21696,-0.16529,1.2374
0.000,3.3223,0.74797,-0.22098,-0.16529,1.2683
0.000,3.3718,0.73496,-0.22412,-0.16472,1.3036
0.000,3.4179,0.72282,-0.22628,-0.16356,1.3443
0.000,3.4607,0.71157,-0.22735,-0.16177,1.3914
0.000,3.5001,0.70122,-0.22718,-0.15930,1.4463
0.000,3.5360,0.69178,-0.22561,-0.15607,1.5105
0.000,3.5684,0.68325,-0.22246,-0.15200,1.5860
0.000,3.5973,0.67565,-0.21748,-0.14694,1.6751
0.000,3.6227,0.66898,-0.21040,-0.14075,1.7806
0.000,3.6445,0.66326,-0.20082,-0.13319,1.9063
0.000,3.6626,0.65847,-0.18825,-0.12396,2.0572
0.000,3.6772,0.65464,-0.17200,-0.11260,2.2403
0.000,3.6881,0.65177,-0.15103,-0.09843,2.4659
0.000,3.6954,0.64985,-0.12382,-0.08047,2.7492
0.000,3.6991,0.64889,-0.09038,-0.05865,3.0902
1.000,-3.6991,0.64889,-0.05736,-0.03722,2.4221
1.000,-3.6954,0.64985,-0.07856,-0.05105,2.2041
1.000,-3.6881,0.65177,-0.09573,-0.06240,2.0217
1.000,-3.6772,0.65464,-0.10885,-0.07126,1.8751
1.000,-3.6626,0.65847,-0.11885,-0.07826,1.7549
1.000,-3.6445,0.66326,-0.12637,-0.08381,1.6547
1.000,-3.6227,0.66898,-0.13184,-0.08820,1.5702
1.000,-3.5973,0.67565,-0.13559,-0.09161,1.4983
1.000,-3.5684,0.68325,-0.13784,-0.09418,1.4367
1.000,-3.5360,0.69178,-0.13877,-0.09600,1.3835
1.000,-3.5001,0.70122,-0.13854,-0.09715,1.3372
1.000,-3.4607,0.71157,-0.13728,-0.09768,1.2967
1.000,-3.4179,0.72282,-0.13509,-0.09765,1.2609
1.000,-3.3718,0.73496,-0.13206,-0.09706,1.2290
1.000,-3.3223,0.74797,-0.12829,-0.09596,1.2000
1.000,-3.2695,0.76185,-0.12384,-0.09435,1.1735
1.000,-3.2135,0.77657,-0.11878,-0.09224,1.1487
1.000,-3.1544,0.79213,-0.11318,-0.08965,1.1250
1.000,-3.0921,0.80850,-0.10709,-0.08658,1.1021
1.000,-3.0268,0.82568,-0.10057,-0.08304,1.0793
1.000,-2.9585,0.84365,-0.09367,-0.07902,1.0564
1.000,-2.8872,0.86238,-0.08644,-0.07454,1.0328
1.000,-2.8132,0.88186,-0.07893,-0.06960,1.0082
1.000,-2.7363,0.90207,-0.07118,-0.06421,0.9823
1.000,-2.6567,0.92299,-0.06323,-0.05836,0.9546
1.000,-2.5746,0.94460,-0.05514,-0.05208,0.9249
1.000,-2.4898,0.96688,-0.04693,-0.04538,0.8929
1.000,-2.4027,0.98980,-0.03866,-0.03827,0.8582
1.000,-2.3131,1.01335,-0.03037,-0.03077,0.8206
1.000,-2.2213,1.03750,-0.02209,-0.02292,0.7797
1.000,-2.1273,1.06223,-0.01387,-0.01473,0.7353
1.000,-2.0311,1.08750,-0.00575,-0.00625,0.6870
1.000,-1.9330,1.11331,0.00223,0.00249,0.6346
1.000,-1.8330,1.13961,0.01003,0.01143,0.5778
1.000,-1.7311,1.16639,0.01760,0.02053,0.5163
1.000,-1.6276,1.19363,0.02490,0.02973,0.4498
1.000,-1.5224,1.22128,0.03189,0.03894,0.3778
1.000,-1.4158,1.24933,0.03850,0.04810,0.3002
1.000,-1.3077,1.27774,0.04470,0.05711,0.2165
1.000,-1.1983,1.30650,0.05042,0.06588,0.1262
1.000,-1.0878,1.33556,0.05561,0.07428,0.0290
1.000,-0.9762,1.36491,0.06020,0.08217,-0.0756
1.000,-0.8636,1.39451,0.06412,0.08941,-0.1884
1.000,-0.7502,1.42434,0.06726,0.09580,-0.3101
1.000,-0.6361,1.45436,0.06953,0.10112,-0.4416
1.000,-0.5213,1.48455,0.07077,0.10507,-0.5842
1.000,-0.4060,1.51487,0.07081,0.10726,-0.7397
1.000,-0.2903,1.54529,0.06932,0.10713,-0.9109
1.000,-0.1743,1.57579,0.06579,0.10368,-1.1031
1.000,-0.0581,1.60634,0.05895,0.09469,-1.3289
1.000,0.0581,1.60634,0.05895,0.09469,-1.3289
1.000,0.1743,1.57579,0.06579,0.10368,-1.1031
1.000,0.2903,1.54529,0.06932,0.10713,-0.9109
1.000,0.4060,1.51487,0.07081,0.10726,-0.7397
1.000,0.5213,1.48455,0.07077,0.10507,-0.5842
1.000,0.6361,1.45436,0.06953,0.10112,-0.4416
1.000,0.7502,1.42434,0.06726,0.09580,-0.3101
1.000,0.8636,1.39451,0.06412,0.08941,-0.1884
1.000,0.9762,1.36491,0.06020,0.08217,-0.0756
1.000,1.0878,1.33556,0.05561,0.07428,0.0290
1.000,1.1983,1.30650,0.05042,0.06588,0.1262
1.000,1.3077,1.27774,0.04470,0.05711,0.2165
1.000,1.4158,1.24933,0.03850,0.04810,0.3002
1.000,1.5224,1.22128,0.03189,0.03894,0.3778
1.000,1.6276,1.19363,0.02490,0.02973,0.4498
1.000,1.7311,1.16639,0.01760,0.02053,0.5163
1.000,1.8330,1.13961,0.01003,0.01143,0.5778
1.000,1.9330,1.11331,0.00223,0.00249,0.6346
1.000,2.0311,1.08750,-0.00575,-0.00625,0.6870
1.000,2.1273,1.06223,-0.01387,-0.01473,0.7353
1.000,2.2213,1.03750,-0.02209,-0.02292,0.7797
1.000,2.3131,1.01335,-0.03037,-0.03077,0.8206
1.000,2.4027,0.98980,-0.03866,-0.03827,0.8582
1.000,2.4898,0.96688,-0.04693,-0.04538,0.8929
1.000,2.5746,0.94460,-0.05514,-0.05208,0.9249
1.000,2.6567,0.92299,-0.06323,-0.05836,0.9546
1.000,2.7363,0.90207,-0.07118,-0.06421,0.9823
1.000,2.8132,0.88186,-0.07893,-0.06960,1.0082
1.000,2.8872,0.86238,-0.08644,-0.07454,1.0328
1.000,2.9585,0.84365,-0.09367,-0.07902,1.0564
1.000,3.0268,0.82568,-0.10057,-0.08304,1.0793
1.000,3.0921,0.80850,-0.10709,-0.08658,1.1021
1.000,3.1544,0.79213,-0.11318,-0.08965,1.1250
1.000,3.2135,0.77657,-0.11878,-0.09224,1.1487
1.000,3.2695,0.76185,-0.12384,-0.09435,1.1735
1.000,3.3223,0.74797,-0.12829,-0.09596,1.2000
1.000,3.3718,0.73496,-0.13206,-0.09706,1.2290
1.000,3.4179,0.72282,-0.13509,-0.09765,1.2609
1.000,3.4607,0.71157,-0.13728,-0.09768,1.2967
1.000,3.5001,0.70122,-0.13854,-0.09715,1.3372
1.000,3.5360,0.69178,-0.13877,-0.09600,1.3835
1.000,3.5684,0.68325,-0.13784,-0.09418,1.4367
1.000,3.5973,0.67565,-0.13559,-0.09161,1.4983
1.000,3.6227,0.66898,-0.13184,-0.08820,1.5702
1.000,3.6445,0.66326,-0.12637,-0.08381,1.6547
1.000,3.6626,0.65847,-0.11885,-0.07826,1.7549
1.000,3.6772,0.65464,-0.10885,-0.07126,1.8751
1.000,3.6881,0.65177,-0.09573,-0.06240,2.0217
1.000,3.6954,0.64985,-0.07856,-0.05105,2.2041
1.000,3.6991,0.64889,-0.05736,-0.03722,2.4221
2.000,-3.6991,0.64889,-0.02435,-0.01580,1.7541
2.000,-3.6954,0.64985,-0.03330,-0.02164,1.6591
2.000,-3.6881,0.65177,-0.04044,-0.02636,1.5774
2.000,-3.6772,0.65464,-0.04570,-0.02992,1.5098
2.000,-3.6626,0.65847,-0.04944,-0.03256,1.4525
2.000,-3.6445,0.66326,-0.05192,-0.03444,1.4031
2.000,-3.6227,0.66898,-0.05329,-0.03565,1.3598
2.000,-3.5973,0.67565,-0.05369,-0.03628,1.3215
2.000,-3.5684,0.68325,-0.05321,-0.03636,1.2873
2.000,-3.5360,0.69178,-0.05193,-0.03592,1.2564
2.000,-3.5001,0.70122,-0.04991,-0.03500,1.2282
2.000,-3.4607,0.71157,-0.04721,-0.03360,1.2021
2.000,-3.4179,0.72282,-0.04390,-0.03173,1.1776
2.000,-3.3718,0.73496,-0.04001,-0.02941,1.1543
2.000,-3.3223,0.74797,-0.03560,-0.02663,1.1317
2.000,-3.2695,0.76185,-0.03071,-0.02340,1.1096
2.000,-3.2135,0.77657,-0.02539,-0.01972,1.0874
2.000,-3.1544,0.79213,-0.01968,-0.01559,1.0649
2.000,-3.0921,0.80850,-0.01362,-0.01101,1.0417
2.000,-3.0268,0.82568,-0.00724,-0.00598,1.0174
2.000,-2.9585,0.84365,-0.00060,-0.00051,0.9919
2.000,-2.8872,0.86238,0.00627,0.00541,0.9647
2.000,-2.8132,0.88186,0.01333,0.01176,0.9356
2.000,-2.7363,0.90207,0.02055,0.01853,0.9042
2.000,-2.6567,0.92299,0.02787,0.02573,0.8704
2.000,-2.5746,0.94460,0.03527,0.03332,0.8337
2.000,-2.4898,0.96688,0.04271,0.04130,0.7940
2.000,-2.4027,0.98980,0.05014,0.04963,0.7509
2.000,-2.3131,1.01335,0.05753,0.05830,0.7041
2.000,-2.2213,1.03750,0.06483,0.06726,0.6534
2.000,-2.1273,1.06223,0.07201,0.07649,0.5985
2.000,-2.0311,1.08750,0.07902,0.08593,0.5390
2.000,-1.9330,1.11331,0.08581,0.09554,0.4748
2.000,-1.8330,1.13961,0.09235,0.10525,0.4053
2.000,-1.7311,1.16639,0.09859,0.11499,0.3304
2.000,-1.6276,1.19363,0.10447,0.12470,0.2496
2.000,-1.5224,1.22128,0.10995,0.13428,0.1625
2.000,-1.4158,1.24933,0.11497,0.14363,0.0688
2.000,-1.3077,1.27774,0.11947,0.15265,-0.0319
2.000,-1.1983,1.30650,0.12339,0.16120,-0.1403
2.000,-1.0878,1.33556,0.12665,0.16914,-0.2570
2.000,-0.9762,1.36491,0.12916,0.17630,-0.3825
2.000,-0.8636,1.39451,0.13084,0.18246,-0.5177
2.000,-0.7502,1.42434,0.13157,0.18740,-0.6637
2.000,-0.6361,1.45436,0.13119,0.19079,-0.8218
2.000,-0.5213,1.48455,0.12951,0.19226,-0.9938
2.000,-0.4060,1.51487,0.12624,0.19124,-1.1824
2.000,-0.2903,1.54529,0.12096,0.18691,-1.3919
2.000,-0.1743,1.57579,0.11284,0.17781,-1.6303
2.000,-0.0581,1.60634,0.09989,0.16046,-1.9173
2.000,0.0581,1.60634,0.09989,0.16046,-1.9173
2.000,0.1743,1.57579,0.11284,0.17781,-1.6303
2.000,0.2903,1.54529,0.12096,0.18691,-1.3919
2.000,0.4060,1.51487,0.12624,0.19124,-1.1824
2.000,0.5213,1.48455,0.12951,0.19226,-0.9938
2.000,0.6361,1.45436,0.13119,0.19079,-0.8218
2.000,0.7502,1.42434,0.13157,0.18740,-0.6637
2.000,0.8636,1.39451,0.13084,0.18246,-0.5177
2.000,0.9762,1.36491,0.12916,0.17630,-0.3825
2.000,1.0878,1.33556,0.12665,0.16914,-0.2570
2.000,1.1983,1.30650,0.12339,0.16120,-0.1403
2.000,1.3077,1.27774,0.11947,0.15265,-0.0319
2.000,1.4158,1.24933,0.11497,0.14363,0.0688
2.000,1.5224,1.22128,0.10995,0.13428,0.1625
2.000,1.6276,1.19363,0.10447,0.12470,0.2496
2.000,1.7311,1.16639,0.09859,0.11499,0.3304
2.000,1.8330,1.13961,0.09235,0.10525,0.4053
2.000,1.9330,1.11331,0.08581,0.09554,0.4748
2.000,2.0311,1.08750,0.07902,0.08593,0.5390
2.000,2.1273,1.06223,0.07201,0.07649,0.5985
2.000,2.2213,1.03750,0.06483,0.06726,0.6534
2.000,2.3131,1.01335,0.05753,0.05830,0.7041
2.000,2.4027,0.98980,0.05014,0.04963,0.7509
2.000,2.4898,0.96688,0.04271,0.04130,0.7940
2.000,2.5746,0.94460,0.03527,0.03332,0.8337
2.000,2.6567,0.92299,0.02787,0.02573,0.8704
2.000,2.7363,0.90207,0.02055,0.01853,0.9042
2.000,2.8132,0.88186,0.01333,0.01176,0.9356
2.000,2.8872,0.86238,0.00627,0.00541,0.9647
2.000,2.9585,0.84365,-0.00060,-0.00051,0.9919
2.000,3.0268,0.82568,-0.00724,-0.00598,1.0174
2.000,3.0921,0.80850,-0.01362,-0.01101,1.0417
2.000,3.1544,0.79213,-0.01968,-0.01559,1.0649
2.000,3.2135,0.77657,-0.02539,-0.01972,1.0874
2.000,3.2695,0.76185,-0.03071,-0.02340,1.1096
2.000,3.3223,0.74797,-0.03560,-0.02663,1.1317
2.000,3.3718,0.73496,-0.04001,-0.02941,1.1543
2.000,3.4179,0.72282,-0.04390,-0.03173,1.1776
2.000,3.4607,0.71157,-0.04721,-0.03360,1.2021
2.000,3.5001,0.70122,-0.04991,-0.03500,1.2282
2.000,3.5360,0.69178,-0.05193,-0.03592,1.2564
2.000,3.5684,0.68325,-0.05321,-0.03636,1.2873
2.000,3.5973,0.67565,-0.05369,-0.03628,1.3215
2.000,3.6227,0.66898,-0.05329,-0.03565,1.3598
2.000,3.6445,0.66326,-0.05192,-0.03444,1.4031
2.000,3.6626,0.65847,-0.04944,-0.03256,1.4525
2.000,3.6772,0.65464,-0.04570,-0.02992,1.5098
2.000,3.6881,0.65177,-0.04044,-0.02636,1.5774
2.000,3.6954,0.64985,-0.03330,-0.02164,1.6591
2.000,3.6991,0.64889,-0.02435,-0.01580,1.7541
3.000,-3.6991,0.64889,0.00867,0.00563,1.0860
3.000,-3.6954,0.64985,0.01195,0.00777,1.1140
3.000,-3.6881,0.65177,0.01485,0.00968,1.1332
3.000,-3.6772,0.65464,0.01745,0.01142,1.1446
3.000,-3.6626,0.65847,0.01996,0.01314,1.1501
3.000,-3.6445,0.66326,0.02253,0.01494,1.1514
3.000,-3.6227,0.66898,0.02526,0.01690,1.1494
3.000,-3.5973,0.67565,0.02820,0.01905,1.1447
3.000,-3.5684,0.68325,0.03141,0.02146,1.1379
3.000,-3.5360,0.69178,0.03492,0.02415,1.1293
3.000,-3.5001,0.70122,0.03873,0.02716,1.1191
3.000,-3.4607,0.71157,0.04286,0.03049,1.1074
3.000,-3.4179,0.72282,0.04730,0.03419,1.0942
3.000,-3.3718,0.73496,0.05205,0.03825,1.0796
3.000,-3.3223,0.74797,0.05709,0.04270,1.0634
3.000,-3.2695,0.76185,0.06241,0.04755,1.0457
3.000,-3.2135,0.77657,0.06800,0.05281,1.0261
3.000,-3.1544,0.79213,0.07382,0.05848,1.0047
3.000,-3.0921,0.80850,0.07986,0.06457,0.9812
3.000,-3.0268,0.82568,0.08608,0.07108,0.9555
3.000,-2.9585,0.84365,0.09246,0.07801,0.9274
3.000,-2.8872,0.86238,0.09898,0.08536,0.8966
3.000,-2.8132,0.88186,0.10559,0.09312,0.8629
3.000,-2.7363,0.90207,0.11227,0.10127,0.8262
3.000,-2.6567,0.92299,0.11898,0.10982,0.7861
3.000,-2.5746,0.94460,0.12569,0.11872,0.7425
3.000,-2.4898,0.96688,0.13236,0.12797,0.6951
3.000,-2.4027,0.98980,0.13895,0.13753,0.6436
3.000,-2.3131,1.01335,0.14543,0.14737,0.5877
3.000,-2.2213,1.03750,0.15176,0.15745,0.5272
3.000,-2.1273,1.06223,0.15789,0.16771,0.4618
3.000,-2.0311,1.08750,0.16378,0.17811,0.3911
3.000,-1.9330,1.11331,0.16939,0.18859,0.3149
3.000,-1.8330,1.13961,0.17467,0.19906,0.2328
3.000,-1.7311,1.16639,0.17957,0.20945,0.1444
3.000,-1.6276,1.19363,0.18404,0.21967,0.0494
3.000,-1.5224,1.22128,0.18801,0.22962,-0.0528
3.000,-1.4158,1.24933,0.19144,0.23917,-0.1625
3.000,-1.3077,1.27774,0.19424,0.24819,-0.2804
3.000,-1.1983,1.30650,0.19635,0.25653,-0.4069
3.000,-1.0878,1.33556,0.19768,0.26401,-0.5430
3.000,-0.9762,1.36491,0.19812,0.27042,-0.6893
3.000,-0.8636,1.39451,0.19757,0.27552,-0.8469
3.000,-0.7502,1.42434,0.19588,0.27899,-1.0173
3.000,-0.6361,1.45436,0.19285,0.28047,-1.2020
3.000,-0.5213,1.48455,0.18824,0.27945,-1.4034
3.000,-0.4060,1.51487,0.18168,0.27522,-1.6252
3.000,-0.2903,1.54529,0.17259,0.26670,-1.8729
3.000,-0.1743,1.57579,0.15988,0.25193,-2.1574
3.000,-0.0581,1.60634,0.14084,0.22623,-2.5058
3.000,0.0581,1.60634,0.14084,0.22623,-2.5058
3.000,0.1743,1.57579,0.15988,0.25193,-2.1574
3.000,0.2903,1.54529,0.17259,0.26670,-1.8729
3.000,0.4060,1.51487,0.18168,0.27522,-1.6252
3.000,0.5213,1.48455,0.18824,0.27945,-1.4034
3.000,0.6361,1.45436,0.19285,0.28047,-1.2020
3.000,0.7502,1.42434,0.19588,0.27899,-1.0173
3.000,0.8636,1.39451,0.19757,0.27552,-0.8469
3.000,0.9762,1.36491,0.19812,0.27042,-0.6893
3.000,1.0878,1.33556,0.19768,0.26401,-0.5430
3.000,1.1983,1.30650,0.19635,0.25653,-0.4069
3.000,1.3077,1.27774,0.19424,0.24819,-0.2804
3.000,1.4158,1.24933,0.19144,0.23917,-0.1625
3.000,1.5224,1.22128,0.18801,0.22962,-0.0528
3.000,1.6276,1.19363,0.18404,0.21967,0.0494
3.000,1.7311,1.16639,0.17957,0.20945,0.1444
3.000,1.8330,1.13961,0.17467,0.19906,0.2328
3.000,1.9330,1.11331,0.16939,0.18859,0.3149
3.000,2.0311,1.08750,0.16378,0.17811,0.3911
3.000,2.1273,1.06223,0.15789,0.16771,0.4618
3.000,2.2213,1.03750,0.15176,0.15745,0.5272
3.000,2.3131,1.01335,0.14543,0.14737,0.5877
3.000,2.4027,0.98980,0.13895,0.13753,0.6436
3.000,2.4898,0.96688,0.13236,0.12797,0.6951
3.000,2.5746,0.94460,0.12569,0.11872,0.7425
3.000,2.6567,0.92299,0.11898,0.10982,0.7861
3.000,2.7363,0.90207,0.11227,0.10127,0.8262
3.000,2.8132,0.88186,0.10559,0.09312,0.8629
3.000,2.8872,0.86238,0.09898,0.08536,0.8966
3.000,2.9585,0.84365,0.09246,0.07801,0.9274
3.000,3.0268,0.82568,0.08608,0.07108,0.9555
3.000,3.0921,0.80850,0.07986,0.06457,0.9812
3.000,3.1544,0.79213,0.07382,0.05848,1.0047
3.000,3.2135,0.77657,0.06800,0.05281,1.0261
3.000,3.2695,0.76185,0.06241,0.04755,1.0457
3.000,3.3223,0.74797,0.05709,0.04270,1.0634
3.000,3.3718,0.73496,0.05205,0.03825,1.0796
3.000,3.4179,0.72282,0.04730,0.03419,1.0942
3.000,3.4607,0.71157,0.04286,0.03049,1.1074
3.000,3.5001,0.70122,0.03873,0.02716,1.1191
3.000,3.5360,0.69178,0.03492,0.02415,1.1293
3.000,3.5684,0.68325,0.03141,0.02146,1.1379
3.000,3.5973,0.67565,0.02820,0.01905,1.1447
3.000,3.6227,0.66898,0.02526,0.01690,1.1494
3.000,3.6445,0.66326,0.02253,0.01494,1.1514
3.000,3.6626,0.65847,0.01996,0.01314,1.1501
3.000,3.6772,0.65464,0.01745,0.01142,1.1446
3.000,3.6881,0.65177,0.01485,0.00968,1.1332
3.000,3.6954,0.64985,0.01195,0.00777,1.1140
3.000,3.6991,0.64889,0.00867,0.00563,1.0860
4.000,-3.6991,0.64889,0.04169,0.02705,0.4179
4.000,-3.6954,0.64985,0.05721,0.03718,0.5689
4.000,-3.6881,0.65177,0.07014,0.04571,0.6890
4.000,-3.6772,0.65464,0.08060,0.05276,0.7793
4.000,-3.6626,0.65847,0.08936,0.05884,0.8478
4.000,-3.6445,0.66326,0.09698,0.06432,0.8998
4.000,-3.6227,0.66898,0.10381,0.06944,0.9390
4.000,-3.5973,0.67565,0.11010,0.07439,0.9679
4.000,-3.5684,0.68325,0.11604,0.07928,0.9886
4.000,-3.5360,0.69178,0.12176,0.08423,1.0023
4.000,-3.5001,0.70122,0.12736,0.08931,1.0101
4.000,-3.4607,0.71157,0.13292,0.09458,1.0128
4.000,-3.4179,0.72282,0.13849,0.10010,1.0109
4.000,-3.3718,0.73496,0.14410,0.10591,1.0049
4.000,-3.3223,0.74797,0.14978,0.11203,0.9951
4.000,-3.2695,0.76185,0.15554,0.11850,0.9818
4.000,-3.2135,0.77657,0.16139,0.12533,0.9649
4.000,-3.1544,0.79213,0.16732,0.13254,0.9446
4.000,-3.0921,0.80850,0.17333,0.14014,0.9208
4.000,-3.0268,0.82568,0.17941,0.14813,0.8936
4.000,-2.9585,0.84365,0.18553,0.15652,0.8629
4.000,-2.8872,0.86238,0.19169,0.16531,0.8285
4.000,-2.8132,0.88186,0.19785,0.17447,0.7903
4.000,-2.7363,0.90207,0.20399,0.18401,0.7482
4.000,-2.6567,0.92299,0.21008,0.19390,0.7019
4.000,-2.5746,0.94460,0.21610,0.20413,0.6513
4.000,-2.4898,0.96688,0.22200,0.21465,0.5962
4.000,-2.4027,0.98980,0.22776,0.22543,0.5362
4.000,-2.3131,1.01335,0.23333,0.23645,0.4712
4.000,-2.2213,1.03750,0.23868,0.24763,0.4009
4.000,-2.1273,1.06223,0.24377,0.25894,0.3250
4.000,-2.0311,1.08750,0.24855,0.27030,0.2431
4.000,-1.9330,1.11331,0.25297,0.28164,0.1550
4.000,-1.8330,1.13961,0.25699,0.29287,0.0602
4.000,-1.7311,1.16639,0.26056,0.30391,-0.0416
4.000,-1.6276,1.19363,0.26361,0.31465,-0.1508
4.000,-1.5224,1.22128,0.26608,0.32495,-0.2681
4.000,-1.4158,1.24933,0.26791,0.33470,-0.3939
4.000,-1.3077,1.27774,0.26901,0.34373,-0.5288
4.000,-1.1983,1.30650,0.26931,0.35186,-0.6735
4.000,-1.0878,1.33556,0.26871,0.35888,-0.8290
4.000,-0.9762,1.36491,0.26708,0.36455,-0.9961
4.000,-0.8636,1.39451,0.26430,0.36857,-1.1762
4.000,-0.7502,1.42434,0.26018,0.37059,-1.3709
4.000,-0.6361,1.45436,0.25451,0.37015,-1.5822
4.000,-0.5213,1.48455,0.24697,0.36664,-1.8131
4.000,-0.4060,1.51487,0.23712,0.35920,-2.0679
4.000,-0.2903,1.54529,0.22422,0.34649,-2.3539
4.000,-0.1743,1.57579,0.20692,0.32606,-2.6846
4.000,-0.0581,1.60634,0.18178,0.29201,-3.0942
4.000,0.0581,1.60634,0.18178,0.29201,-3.0942
4.000,0.1743,1.57579,0.20692,0.32606,-2.6846
4.000,0.2903,1.54529,0.22422,0.34649,-2.3539
4.000,0.4060,1.51487,0.23712,0.35920,-2.0679
4.000,0.5213,1.48455,0.24697,0.36664,-1.8131
4.000,0.6361,1.45436,0.25451,0.37015,-1.5822
4.000,0.7502,1.42434,0.26018,0.37059,-1.3709
4.000,0.8636,1.39451,0.26430,0.36857,-1.1762
4.000,0.9762,1.36491,0.26708,0.36455,-0.9961
4.000,1.0878,1.33556,0.26871,0.35888,-0.8290
4.000,1.1983,1.30650,0.26931,0.35186,-0.6735
4.000,1.3077,1.27774,0.26901,0.34373,-0.5288
4.000,1.4158,1.24933,0.26791,0.33470,-0.3939
4.000,1.5224,1.22128,0.26608,0.32495,-0.2681
4.000,1.6276,1.19363,0.26361,0.31465,-0.1508
4.000,1.7311,1.16639,0.26056,0.30391,-0.0416
4.000,1.8330,1.13961,0.25699,0.29287,0.0602
4.000,1.9330,1.11331,0.25297,0.28164,0.1550
4.000,2.0311,1.08750,0.24855,0.27030,0.2431
4.000,2.1273,1.06223,0.24377,0.25894,0.3250
4.000,2.2213,1.03750,0.23868,0.24763,0.4009
4.000,2.3131,1.01335,0.23333,0.23645,0.4712
4.000,2.4027,0.98980,0.22776,0.22543,0.5362
4.000,2.4898,0.96688,0.22200,0.21465,0.5962
4.000,2.5746,0.94460,0.21610,0.20413,0.6513
4.000,2.6567,0.92299,0.21008,0.19390,0.7019
4.000,2.7363,0.90207,0.20399,0.18401,0.7482
4.000,2.8132,0.88186,0.19785,0.17447,0.7903
4.000,2.8872,0.86238,0.19169,0.16531,0.8285
4.000,2.9585,0.84365,0.18553,0.15652,0.8629
4.000,3.0268,0.82568,0.17941,0.14813,0.8936
4.000,3.0921,0.80850,0.17333,0.14014,0.9208
4.000,3.1544,0.79213,0.16732,0.13254,0.9446
4.000,3.2135,0.77657,0.16139,0.12533,0.9649
4.000,3.2695,0.76185,0.15554,0.11850,0.9818
4.000,3.3223,0.74797,0.14978,0.11203,0.9951
4.000,3.3718,0.73496,0.14410,0.10591,1.0049
4.000,3.4179,0.72282,0.13849,0.10010,1.0109
4.000,3.4607,0.71157,0.13292,0.09458,1.0128
4.000,3.5001,0.70122,0.12736,0.08931,1.0101
4.000,3.5360,0.69178,0.12176,0.08423,1.0023
4.000,3.5684,0.68325,0.11604,0.07928,0.9886
4.000,3.5973,0.67565,0.11010,0.07439,0.9679
4.000,3.6227,0.66898,0.10381,0.06944,0.9390
4.000,3.6445,0.66326,0.09698,0.06432,0.8998
4.000,3.6626,0.65847,0.08936,0.05884,0.8478
4.000,3.6772,0.65464,0.08060,0.05276,0.7793
4.000,3.6881,0.65177,0.07014,0.04571,0.6890
4.000,3.6954,0.64985,0.05721,0.03718,0.5689
4.000,3.6991,0.64889,0.04169,0.02705,0.4179
5.000,-3.6991,0.64889,0.07471,0.04848,-0.2502
5.000,-3.6954,0.64985,0.10247,0.06659,0.0239
5.000,-3.6881,0.65177,0.12543,0.08175,0.2448
5.000,-3.6772,0.65464,0.14374,0.09410,0.4141
5.000,-3.6626,0.65847,0.15877,0.10454,0.5454
5.000,-3.6445,0.66326,0.17143,0.11370,0.6481
5.000,-3.6227,0.66898,0.18236,0.12199,0.7285
5.000,-3.5973,0.67565,0.19199,0.12972,0.7911
5.000,-3.5684,0.68325,0.20066,0.13710,0.8392
5.000,-3.5360,0.69178,0.20860,0.14431,0.8752
5.000,-3.5001,0.70122,0.21600,0.15146,0.9010
5.000,-3.4607,0.71157,0.22299,0.15867,0.9181
5.000,-3.4179,0.72282,0.22968,0.16602,0.9276
5.000,-3.3718,0.73496,0.23616,0.17356,0.9303
5.000,-3.3223,0.74797,0.24247,0.18136,0.9269
5.000,-3.2695,0.76185,0.24867,0.18945,0.9178
5.000,-3.2135,0.77657,0.25478,0.19785,0.9036
5.000,-3.1544,0.79213,0.26082,0.20660,0.8844
5.000,-3.0921,0.80850,0.26680,0.21571,0.8604
5.000,-3.0268,0.82568,0.27273,0.22519,0.8317
5.000,-2.9585,0.84365,0.27860,0.23504,0.7984
5.000,-2.8872,0.86238,0.28440,0.24526,0.7604
5.000,-2.8132,0.88186,0.29011,0.25583,0.7177
5.000,-2.7363,0.90207,0.29571,0.26675,0.6701
5.000,-2.6567,0.92299,0.30119,0.27799,0.6177
5.000,-2.5746,0.94460,0.30651,0.28953,0.5601
5.000,-2.4898,0.96688,0.31164,0.30132,0.4973
5.000,-2.4027,0.98980,0.31656,0.31334,0.4289
5.000,-2.3131,1.01335,0.32123,0.32552,0.3548
5.000,-2.2213,1.03750,0.32561,0.33782,0.2747
5.000,-2.1273,1.06223,0.32965,0.35016,0.1883
5.000,-2.0311,1.08750,0.33331,0.36248,0.0952
5.000,-1.9330,1.11331,0.33655,0.37469,-0.0049
5.000,-1.8330,1.13961,0.33931,0.38669,-0.1123
5.000,-1.7311,1.16639,0.34154,0.39837,-0.2275
5.000,-1.6276,1.19363,0.34317,0.40962,-0.3510
5.000,-1.5224,1.22128,0.34414,0.42029,-0.4834
5.000,-1.4158,1.24933,0.34437,0.43023,-0.6252
5.000,-1.3077,1.27774,0.34378,0.43927,-0.7772
5.000,-1.1983,1.30650,0.34228,0.44718,-0.9401
5.000,-1.0878,1.33556,0.33974,0.45374,-1.1149
5.000,-0.9762,1.36491,0.33604,0.45867,-1.3029
5.000,-0.8636,1.39451,0.33103,0.46162,-1.5055
5.000,-0.7502,1.42434,0.32449,0.46218,-1.7244
5.000,-0.6361,1.45436,0.31617,0.45982,-1.9624
5.000,-0.5213,1.48455,0.30570,0.45383,-2.2227
5.000,-0.4060,1.51487,0.29255,0.44318,-2.5107
5.000,-0.2903,1.54529,0.27585,0.42628,-2.8349
5.000,-0.1743,1.57579,0.25396,0.40019,-3.2117
5.000,-0.0581,1.60634,0.22273,0.35778,-3.6826
5.000,0.0581,1.60634,0.22273,0.35778,-3.6826
5.000,0.1743,1.57579,0.25396,0.40019,-3.2117
5.000,0.2903,1.54529,0.27585,0.42628,-2.8349
5.000,0.4060,1.51487,0.29255,0.44318,-2.5107
5.000,0.5213,1.48455,0.30570,0.45383,-2.2227
5.000,0.6361,1.45436,0.31617,0.45982,-1.9624
5.000,0.7502,1.42434,0.32449,0.46218,-1.7244
5.000,0.8636,1.39451,0.33103,0.46162,-1.5055
5.000,0.9762,1.36491,0.33604,0.45867,-1.3029
5.000,1.0878,1.33556,0.33974,0.45374,-1.1149
5.000,1.1983,1.30650,0.34228,0.44718,-0.9401
5.000,1.3077,1.27774,0.34378,0.43927,-0.7772
5.000,1.4158,1.24933,0.34437,0.43023,-0.6252
5.000,1.5224,1.22128,0.34414,0.42029,-0.4834
5.000,1.6276,1.19363,0.34317,0.40962,-0.3510
5.000,1.7311,1.16639,0.34154,0.39837,-0.2275
5.000,1.8330,1.13961,0.33931,0.38669,-0.1123
5.000,1.9330,1.11331,0.33655,0.37469,-0.0049
5.000,2.0311,1.08750,0.33331,0.36248,0.0952
5.000,2.1273,1.06223,0.32965,0.35016,0.1883
5.000,2.2213,1.03750,0.32561,0.33782,0.2747
5.000,2.3131,1.01335,0.32123,0.32552,0.3548
5.000,2.4027,0.98980,0.31656,0.31334,0.4289
5.000,2.4898,0.96688,0.31164,0.30132,0.4973
5.000,2.5746,0.94460,0.30651,0.28953,0.5601
5.000,2.6567,0.92299,0.30119,0.27799,0.6177
5.000,2.7363,0.90207,0.29571,0.26675,0.6701
5.000,2.8132,0.88186,0.29011,0.25583,0.7177
5.000,2.8872,0.86238,0.28440,0.24526,0.7604
5.000,2.9585,0.84365,0.27860,0.23504,0.7984
5.000,3.0268,0.82568,0.27273,0.22519,0.8317
5.000,3.0921,0.80850,0.26680,0.21571,0.8604
5.000,3.1544,0.79213,0.26082,0.20660,0.8844
5.000,3.2135,0.77657,0.25478,0.19785,0.9036
5.000,3.2695,0.76185,0.24867,0.18945,0.9178
5.000,3.3223,0.74797,0.24247,0.18136,0.9269
5.000,3.3718,0.73496,0.23616,0.17356,0.9303
5.000,3.4179,0.72282,0.22968,0.16602,0.9276
5.000,3.4607,0.71157,0.22299,0.15867,0.9181
5.000,3.5001,0.70122,0.21600,0.15146,0.9010
5.000,3.5360,0.69178,0.20860,0.14431,0.8752
5.000,3.5684,0.68325,0.20066,0.13710,0.8392
5.000,3.5973,0.67565,0.19199,0.12972,0.7911
5.000,3.6227,0.66898,0.18236,0.12199,0.7285
5.000,3.6445,0.66326,0.17143,0.11370,0.6481
5.000,3.6626,0.65847,0.15877,0.10454,0.5454
5.000,3.6772,0.65464,0.14374,0.09410,0.4141
5.000,3.6881,0.65177,0.12543,0.08175,0.2448
5.000,3.6954,0.64985,0.10247,0.06659,0.0239
5.000,3.6991,0.64889,0.07471,0.04848,-0.2502
6.000,-3.6991,0.64889,0.10773,0.06991,-0.9183
6.000,-3.6954,0.64985,0.14773,0.09600,-0.5212
6.000,-3.6881,0.65177,0.18072,0.11779,-0.1994
6.000,-3.6772,0.65464,0.20689,0.13544,0.0488
6.000,-3.6626,0.65847,0.22817,0.15025,0.2431
6.000,-3.6445,0.66326,0.24588,0.16308,0.3965
6.000,-3.6227,0.66898,0.26091,0.17454,0.5181
6.000,-3.5973,0.67565,0.27389,0.18505,0.6144
6.000,-3.5684,0.68325,0.28529,0.19492,0.6898
6.000,-3.5360,0.69178,0.29545,0.20438,0.7482
6.000,-3.5001,0.70122,0.30463,0.21362,0.7920
6.000,-3.4607,0.71157,0.31306,0.22276,0.8235
6.000,-3.4179,0.72282,0.32087,0.23194,0.8442
6.000,-3.3718,0.73496,0.32821,0.24122,0.8556
6.000,-3.3223,0.74797,0.33516,0.25069,0.8586
6.000,-3.2695,0.76185,0.34179,0.26039,0.8539
6.000,-3.2135,0.77657,0.34817,0.27038,0.8423
6.000,-3.1544,0.79213,0.35432,0.28067,0.8242
6.000,-3.0921,0.80850,0.36028,0.29129,0.8000
6.000,-3.0268,0.82568,0.36606,0.30225,0.7698
6.000,-2.9585,0.84365,0.37167,0.31356,0.7339
6.000,-2.8872,0.86238,0.37710,0.32521,0.6923
6.000,-2.8132,0.88186,0.38236,0.33719,0.6450
6.000,-2.7363,0.90207,0.38743,0.34949,0.5921
6.000,-2.6567,0.92299,0.39229,0.36208,0.5335
6.000,-2.5746,0.94460,0.39692,0.37493,0.4689
6.000,-2.4898,0.96688,0.40129,0.38800,0.3984
6.000,-2.4027,0.98980,0.40537,0.40124,0.3216
6.000,-2.3131,1.01335,0.40913,0.41459,0.2384
6.000,-2.2213,1.03750,0.41253,0.42800,0.1484
6.000,-2.1273,1.06223,0.41553,0.44138,0.0515
6.000,-2.0311,1.08750,0.41808,0.45466,-0.0528
6.000,-1.9330,1.11331,0.42013,0.46773,-0.1647
6.000,-1.8330,1.13961,0.42163,0.48050,-0.2848
6.000,-1.7311,1.16639,0.42252,0.49283,-0.4135
6.000,-1.6276,1.19363,0.42274,0.50459,-0.5512
6.000,-1.5224,1.22128,0.42221,0.51563,-0.6987
6.000,-1.4158,1.24933,0.42084,0.52577,-0.8566
6.000,-1.3077,1.27774,0.41855,0.53480,-1.0256
6.000,-1.1983,1.30650,0.41524,0.54251,-1.2067
6.000,-1.0878,1.33556,0.41077,0.54861,-1.4009
6.000,-0.9762,1.36491,0.40500,0.55280,-1.6097
6.000,-0.8636,1.39451,0.39776,0.55468,-1.8347
6.000,-0.7502,1.42434,0.38880,0.55378,-2.0780
6.000,-0.6361,1.45436,0.37783,0.54950,-2.3426
6.000,-0.5213,1.48455,0.36443,0.54102,-2.6324
6.000,-0.4060,1.51487,0.34799,0.52716,-2.9535
6.000,-0.2903,1.54529,0.32749,0.50606,-3.3159
6.000,-0.1743,1.57579,0.30100,0.47432,-3.7389
6.000,-0.0581,1.60634,0.26367,0.42355,-4.2711
6.000,0.0581,1.60634,0.26367,0.42355,-4.2711
6.000,0.1743,1.57579,0.30100,0.47432,-3.7389
6.000,0.2903,1.54529,0.32749,0.50606,-3.3159
6.000,0.4060,1.51487,0.34799,0.52716,-2.9535
6.000,0.5213,1.48455,0.36443,0.54102,-2.6324
6.000,0.6361,1.45436,0.37783,0.54950,-2.3426
6.000,0.7502,1.42434,0.38880,0.55378,-2.0780
6.000,0.8636,1.39451,0.39776,0.55468,-1.8347
6.000,0.9762,1.36491,0.40500,0.55280,-1.6097
6.000,1.0878,1.33556,0.41077,0.54861,-1.4009
6.000,1.1983,1.30650,0.41524,0.54251,-1.2067
6.000,1.3077,1.27774,0.41855,0.53480,-1.0256
6.000,1.4158,1.24933,0.42084,0.52577,-0.8566
6.000,1.5224,1.22128,0.42221,0.51563,-0.6987
6.000,1.6276,1.19363,0.42274,0.50459,-0.5512
6.000,1.7311,1.16639,0.42252,0.49283,-0.4135
6.000,1.8330,1.13961,0.42163,0.48050,-0.2848
6.000,1.9330,1.11331,0.42013,0.46773,-0.1647
6.000,2.0311,1.08750,0.41808,0.45466,-0.0528
6.000,2.1273,1.06223,0.41553,0.44138,0.0515
6.000,2.2213,1.03750,0.41253,0.42800,0.1484
6.000,2.3131,1.01335,0.40913,0.41459,0.2384
6.000,2.4027,0.98980,0.40537,0.40124,0.3216
6.000,2.4898,0.96688,0.40129,0.38800,0.3984
6.000,2.5746,0.94460,0.39692,0.37493,0.4689
6.000,2.6567,0.92299,0.39229,0.36208,0.5335
6.000,2.7363,0.90207,0.38743,0.34949,0.5921
6.000,2.8132,0.88186,0.38236,0.33719,0.6450
6.000,2.8872,0.86238,0.37710,0.32521,0.6923
6.000,2.9585,0.84365,0.37167,0.31356,0.7339
6.000,3.0268,0.82568,0.36606,0.30225,0.7698
6.000,3.0921,0.80850,0.36028,0.29129,0.8000
6.000,3.1544,0.79213,0.35432,0.28067,0.8242
6.000,3.2135,0.77657,0.34817,0.27038,0.8423
6.000,3.2695,0.76185,0.34179,0.26039,0.8539
6.000,3.3223,0.74797,0.33516,0.25069,0.8586
6.000,3.3718,0.73496,0.32821,0.24122,0.8556
6.000,3.4179,0.72282,0.32087,0.23194,0.8442
6.000,3.4607,0.71157,0.31306,0.22276,0.8235
6.000,3.5001,0.70122,0.30463,0.21362,0.7920
6.000,3.5360,0.69178,0.29545,0.20438,0.7482
6.000,3.5684,0.68325,0.28529,0.19492,0.6898
6.000,3.5973,0.67565,0.27389,0.18505,0.6144
6.000,3.6227,0.66898,0.26091,0.17454,0.5181
6.000,3.6445,0.66326,0.24588,0.16308,0.3965
6.000,3.6626,0.65847,0.22817,0.15025,0.2431
6.000,3.6772,0.65464,0.20689,0.13544,0.0488
6.000,3.6881,0.65177,0.18072,0.11779,-0.1994
6.000,3.6954,0.64985,0.14773,0.09600,-0.5212
6.000,3.6991,0.64889,0.10773,0.06991,-0.9183
7.000,-3.6991,0.64889,0.14075,0.09133,-1.5864
7.000,-3.6954,0.64985,0.19299,0.12541,-1.0663
7.000,-3.6881,0.65177,0.23601,0.15383,-0.6436
7.000,-3.6772,0.65464,0.27004,0.17678,-0.3164
7.000,-3.6626,0.65847,0.29758,0.19595,-0.0593
7.000,-3.6445,0.66326,0.32033,0.21246,0.1449
7.000,-3.6227,0.66898,0.33946,0.22709,0.3077
7.000,-3.5973,0.67565,0.35578,0.24039,0.4376
7.000,-3.5684,0.68325,0.36991,0.25274,0.5405
7.000,-3.5360,0.69178,0.38229,0.26446,0.6211
7.000,-3.5001,0.70122,0.39327,0.27577,0.6829
7.000,-3.4607,0.71157,0.40313,0.28685,0.7288
7.000,-3.4179,0.72282,0.41207,0.29785,0.7609
7.000,-3.3718,0.73496,0.42026,0.30888,0.7809
7.000,-3.3223,0.74797,0.42785,0.32002,0.7903
7.000,-3.2695,0.76185,0.43492,0.33134,0.7900
7.000,-3.2135,0.77657,0.44155,0.34290,0.7811
7.000,-3.1544,0.79213,0.44782,0.35473,0.7641
7.000,-3.0921,0.80850,0.45375,0.36686,0.7396
7.000,-3.0268,0.82568,0.45938,0.37930,0.7079
7.000,-2.9585,0.84365,0.46473,0.39207,0.6694
7.000,-2.8872,0.86238,0.46981,0.40516,0.6242
7.000,-2.8132,0.88186,0.47462,0.41855,0.5724
7.000,-2.7363,0.90207,0.47915,0.43223,0.5141
7.000,-2.6567,0.92299,0.48340,0.44617,0.4492
7.000,-2.5746,0.94460,0.48733,0.46033,0.3777
7.000,-2.4898,0.96688,0.49093,0.47467,0.2995
7.000,-2.4027,0.98980,0.49418,0.48914,0.2143
7.000,-2.3131,1.01335,0.49703,0.50367,0.1219
7.000,-2.2213,1.03750,0.49945,0.51818,0.0222
7.000,-2.1273,1.06223,0.50141,0.53261,-0.0852
7.000,-2.0311,1.08750,0.50284,0.54684,-0.2007
7.000,-1.9330,1.11331,0.50371,0.56078,-0.3246
7.000,-1.8330,1.13961,0.50395,0.57431,-0.4573
7.000,-1.7311,1.16639,0.50351,0.58729,-0.5994
7.000,-1.6276,1.19363,0.50231,0.59957,-0.7514
7.000,-1.5224,1.22128,0.50027,0.61097,-0.9140
7.000,-1.4158,1.24933,0.49731,0.62130,-1.0879
7.000,-1.3077,1.27774,0.49333,0.63034,-1.2740
7.000,-1.1983,1.30650,0.48820,0.63784,-1.4733
7.000,-1.0878,1.33556,0.48180,0.64348,-1.6869
7.000,-0.9762,1.36491,0.47396,0.64692,-1.9166
7.000,-0.8636,1.39451,0.46448,0.64773,-2.1640
7.000,-0.7502,1.42434,0.45311,0.64538,-2.4316
7.000,-0.6361,1.45436,0.43949,0.63918,-2.7228
7.000,-0.5213,1.48455,0.42316,0.62821,-3.0420
7.000,-0.4060,1.51487,0.40342,0.61113,-3.3962
7.000,-0.2903,1.54529,0.37912,0.58585,-3.7969
7.000,-0.1743,1.57579,0.34804,0.54844,-4.2660
7.000,-0.0581,1.60634,0.30462,0.48932,-4.8595
7.000,0.0581,1.60634,0.30462,0.48932,-4.8595
7.000,0.1743,1.57579,0.34804,0.54844,-4.2660
7.000,0.2903,1.54529,0.37912,0.58585,-3.7969
7.000,0.4060,1.51487,0.40342,0.61113,-3.3962
7.000,0.5213,1.48455,0.42316,0.62821,-3.0420
7.000,0.6361,1.45436,0.43949,0.63918,-2.7228
7.000,0.7502,1.42434,0.45311,0.64538,-2.4316
7.000,0.8636,1.39451,0.46448,0.64773,-2.1640
7.000,0.9762,1.36491,0.47396,0.64692,-1.9166
7.000,1.0878,1.33556,0.48180,0.64348,-1.6869
7.000,1.1983,1.30650,0.48820,0.63784,-1.4733
7.000,1.3077,1.27774,0.49333,0.63034,-1.2740
7.000,1.4158,1.24933,0.49731,0.62130,-1.0879
7.000,1.5224,1.22128,0.50027,0.61097,-0.9140
7.000,1.6276,1.19363,0.50231,0.59957,-0.7514
7.000,1.7311,1.16639,0.50351,0.58729,-0.5994
7.000,1.8330,1.13961,0.50395,0.57431,-0.4573
7.000,1.9330,1.11331,0.50371,0.56078,-0.3246
7.000,2.0311,1.08750,0.50284,0.54684,-0.2007
7.000,2.1273,1.06223,0.50141,0.53261,-0.0852
7.000,2.2213,1.03750,0.49945,0.51818,0.0222
7.000,2.3131,1.01335,0.49703,0.50367,0.1219
7.000,2.4027,0.98980,0.49418,0.48914,0.2143
7.000,2.4898,0.96688,0.49093,0.47467,0.2995
7.000,2.5746,0.94460,0.48733,0.46033,0.3777
7.000,2.6567,0.92299,0.48340,0.44617,0.4492
7.000,2.7363,0.90207,0.47915,0.43223,0.5141
7.000,2.8132,0.88186,0.47462,0.41855,0.5724
7.000,2.8872,0.86238,0.46981,0.40516,0.6242
7.000,2.9585,0.84365,0.46473,0.39207,0.6694
7.000,3.0268,0.82568,0.45938,0.37930,0.7079
7.000,3.0921,0.80850,0.45375,0.36686,0.7396
7.000,3.1544,0.79213,0.44782,0.35473,0.7641
7.000,3.2135,0.77657,0.44155,0.34290,0.7811
7.000,3.2695,0.76185,0.43492,0.33134,0.7900
7.000,3.3223,0.74797,0.42785,0.32002,0.7903
7.000,3.3718,0.73496,0.42026,0.30888,0.7809
7.000,3.4179,0.72282,0.41207,0.29785,0.7609
7.000,3.4607,0.71157,0.40313,0.28685,0.7288
7.000,3.5001,0.70122,0.39327,0.27577,0.6829
7.000,3.5360,0.69178,0.38229,0.26446,0.6211
7.000,3.5684,0.68325,0.36991,0.25274,0.5405
7.000,3.5973,0.67565,0.35578,0.24039,0.4376
7.000,3.6227,0.66898,0.33946,0.22709,0.3077
7.000,3.6445,0.66326,0.32033,0.21246,0.1449
7.000,3.6626,0.65847,0.29758,0.19595,-0.0593
7.000,3.6772,0.65464,0.27004,0.17678,-0.3164
7.000,3.6881,0.65177,0.23601,0.15383,-0.6436
7.000,3.6954,0.64985,0.19299,0.12541,-1.0663
7.000,3.6991,0.64889,0.14075,0.09133,-1.5864
8.000,-3.6991,0.64889,0.17377,0.11276,-2.2545
8.000,-3.6954,0.64985,0.23825,0.15482,-1.6113
8.000,-3.6881,0.65177,0.29131,0.18986,-1.0879
8.000,-3.6772,0.65464,0.33319,0.21812,-0.6816
8.000,-3.6626,0.65847,0.36698,0.24165,-0.3616
8.000,-3.6445,0.66326,0.39478,0.26184,-0.1068
8.000,-3.6227,0.66898,0.41801,0.27964,0.0973
8.000,-3.5973,0.67565,0.43768,0.29572,0.2608
8.000,-3.5684,0.68325,0.45453,0.31056,0.3911
8.000,-3.5360,0.69178,0.46913,0.32453,0.4940
8.000,-3.5001,0.70122,0.48190,0.33792,0.5739
8.000,-3.4607,0.71157,0.49319,0.35094,0.6342
8.000,-3.4179,0.72282,0.50326,0.36377,0.6775
8.000,-3.3718,0.73496,0.51232,0.37653,0.7062
8.000,-3.3223,0.74797,0.52054,0.38935,0.7220
8.000,-3.2695,0.76185,0.52804,0.40229,0.7261
8.000,-3.2135,0.77657,0.53494,0.41542,0.7198
8.000,-3.1544,0.79213,0.54132,0.42879,0.7039
8.000,-3.0921,0.80850,0.54722,0.44243,0.6792
8.000,-3.0268,0.82568,0.55271,0.45636,0.6460
8.000,-2.9585,0.84365,0.55780,0.47059,0.6049
8.000,-2.8872,0.86238,0.56252,0.48511,0.5561
8.000,-2.8132,0.88186,0.56688,0.49991,0.4998
8.000,-2.7363,0.90207,0.57087,0.51497,0.4361
8.000,-2.6567,0.92299,0.57450,0.53026,0.3650
8.000,-2.5746,0.94460,0.57774,0.54573,0.2865
8.000,-2.4898,0.96688,0.58058,0.56135,0.2005
8.000,-2.4027,0.98980,0.58298,0.57704,0.1069
8.000,-2.3131,1.01335,0.58493,0.59274,0.0055
8.000,-2.2213,1.03750,0.58638,0.60837,-0.1041
8.000,-2.1273,1.06223,0.58729,0.62383,-0.2220
8.000,-2.0311,1.08750,0.58761,0.63903,-0.3487
8.000,-1.9330,1.11331,0.58729,0.65383,-0.4845
8.000,-1.8330,1.13961,0.58627,0.66813,-0.6299
8.000,-1.7311,1.16639,0.58449,0.68175,-0.7854
8.000,-1.6276,1.19363,0.58187,0.69454,-0.9516
8.000,-1.5224,1.22128,0.57833,0.70631,-1.1293
8.000,-1.4158,1.24933,0.57378,0.71684,-1.3193
8.000,-1.3077,1.27774,0.56810,0.72588,-1.5224
8.000,-1.1983,1.30650,0.56117,0.73316,-1.7398
8.000,-1.0878,1.33556,0.55284,0.73835,-1.9729
8.000,-0.9762,1.36491,0.54293,0.74104,-2.2234
8.000,-0.8636,1.39451,0.53121,0.74078,-2.4932
8.000,-0.7502,1.42434,0.51741,0.73697,-2.7852
8.000,-0.6361,1.45436,0.50115,0.72885,-3.1030
8.000,-0.5213,1.48455,0.48189,0.71539,-3.4516
8.000,-0.4060,1.51487,0.45886,0.69511,-3.8390
8.000,-0.2903,1.54529,0.43075,0.66564,-4.2779
8.000,-0.1743,1.57579,0.39509,0.62257,-4.7931
8.000,-0.0581,1.60634,0.34556,0.55509,-5.4479
8.000,0.0581,1.60634,0.34556,0.55509,-5.4479
8.000,0.1743,1.57579,0.39509,0.62257,-4.7931
8.000,0.2903,1.54529,0.43075,0.66564,-4.2779
8.000,0.4060,1.51487,0.45886,0.69511,-3.8390
8.000,0.5213,1.48455,0.48189,0.71539,-3.4516
8.000,0.6361,1.45436,0.50115,0.72885,-3.1030
8.000,0.7502,1.42434,0.51741,0.73697,-2.7852
8.000,0.8636,1.39451,0.53121,0.74078,-2.4932
8.000,0.9762,1.36491,0.54293,0.74104,-2.2234
8.000,1.0878,1.33556,0.55284,0.73835,-1.9729
8.000,1.1983,1.30650,0.56117,0.73316,-1.7398
8.000,1.3077,1.27774,0.56810,0.72588,-1.5224
8.000,1.4158,1.24933,0.57378,0.71684,-1.3193
8.000,1.5224,1.22128,0.57833,0.70631,-1.1293
8.000,1.6276,1.19363,0.58187,0.69454,-0.9516
8.000,1.7311,1.16639,0.58449,0.68175,-0.7854
8.000,1.8330,1.13961,0.58627,0.66813,-0.6299
8.000,1.9330,1.11331,0.58729,0.65383,-0.4845
8.000,2.0311,1.08750,0.58761,0.63903,-0.3487
8.000,2.1273,1.06223,0.58729,0.62383,-0.2220
8.000,2.2213,1.03750,0.58638,0.60837,-0.1041
8.000,2.3131,1.01335,0.58493,0.59274,0.0055
8.000,2.4027,0.98980,0.58298,0.57704,0.1069
8.000,2.4898,0.96688,0.58058,0.56135,0.2005
8.000,2.5746,0.94460,0.57774,0.54573,0.2865
8.000,2.6567,0.92299,0.57450,0.53026,0.3650
8.000,2.7363,0.90207,0.57087,0.51497,0.4361
8.000,2.8132,0.88186,0.56688,0.49991,0.4998
8.000,2.8872,0.86238,0.56252,0.48511,0.5561
8.000,2.9585,0.84365,0.55780,0.47059,0.6049
8.000,3.0268,0.82568,0.55271,0.45636,0.6460
8.000,3.0921,0.80850,0.54722,0.44243,0.6792
8.000,3.1544,0.79213,0.54132,0.42879,0.7039
8.000,3.2135,0.77657,0.53494,0.41542,0.7198
8.000,3.2695,0.76185,0.52804,0.40229,0.7261
8.000,3.3223,0.74797,0.52054,0.38935,0.7220
8.000,3.3718,0.73496,0.51232,0.37653,0.7062
8.000,3.4179,0.72282,0.50326,0.36377,0.6775
8.000,3.4607,0.71157,0.49319,0.35094,0.6342
8.000,3.5001,0.70122,0.48190,0.33792,0.5739
8.000,3.5360,0.69178,0.46913,0.32453,0.4940
8.000,3.5684,0.68325,0.45453,0.31056,0.3911
8.000,3.5973,0.67565,0.43768,0.29572,0.2608
8.000,3.6227,0.66898,0.41801,0.27964,0.0973
8.000,3.6445,0.66326,0.39478,0.26184,-0.1068
8.000,3.6626,0.65847,0.36698,0.24165,-0.3616
8.000,3.6772,0.65464,0.33319,0.21812,-0.6816
8.000,3.6881,0.65177,0.29131,0.18986,-1.0879
8.000,3.6954,0.64985,0.23825,0.15482,-1.6113
8.000,3.6991,0.64889,0.17377,0.11276,-2.2545
9.000,-3.6991,0.64889,0.20679,0.13419,-2.9226
9.000,-3.6954,0.64985,0.28350,0.18424,-2.1564
9.000,-3.6881,0.65177,0.34660,0.22590,-1.5321
9.000,-3.6772,0.65464,0.39634,0.25946,-1.0469
9.000,-3.6626,0.65847,0.43638,0.28735,-0.6640
9.000,-3.6445,0.66326,0.46923,0.31122,-0.3584
9.000,-3.6227,0.66898,0.49656,0.33219,-0.1131
9.000,-3.5973,0.67565,0.51958,0.35105,0.0840
9.000,-3.5684,0.68325,0.53916,0.36838,0.2418
9.000,-3.5360,0.69178,0.55597,0.38461,0.3670
9.000,-3.5001,0.70122,0.57054,0.40007,0.4649
9.000,-3.4607,0.71157,0.58326,0.41503,0.5395
9.000,-3.4179,0.72282,0.59445,0.42968,0.5942
9.000,-3.3718,0.73496,0.60437,0.44419,0.6316
9.000,-3.3223,0.74797,0.61323,0.45868,0.6537
9.000,-3.2695,0.76185,0.62117,0.47324,0.6622
9.000,-3.2135,0.77657,0.62833,0.48794,0.6586
9.000,-3.1544,0.79213,0.63482,0.50286,0.6438
9.000,-3.0921,0.80850,0.64070,0.51801,0.6187
9.000,-3.0268,0.82568,0.64603,0.53342,0.5841
9.000,-2.9585,0.84365,0.65087,0.54910,0.5404
9.000,-2.8872,0.86238,0.65523,0.56506,0.4880
9.000,-2.8132,0.88186,0.65914,0.58127,0.4271
9.000,-2.7363,0.90207,0.66260,0.59771,0.3580
9.000,-2.6567,0.92299,0.66560,0.61435,0.2808
9.000,-2.5746,0.94460,0.66815,0.63114,0.1953
9.000,-2.4898,0.96688,0.67022,0.64802,0.1016
9.000,-2.4027,0.98980,0.67179,0.66494,-0.0004
9.000,-2.3131,1.01335,0.67283,0.68181,-0.1110
9.000,-2.2213,1.03750,0.67330,0.69855,-0.2303
9.000,-2.1273,1.06223,0.67317,0.71505,-0.3587
9.000,-2.0311,1.08750,0.67237,0.73121,-0.4966
9.000,-1.9330,1.11331,0.67087,0.74688,-0.6443
9.000,-1.8330,1.13961,0.66859,0.76194,-0.8024
9.000,-1.7311,1.16639,0.66548,0.77621,-0.9713
9.000,-1.6276,1.19363,0.66144,0.78951,-1.1518
9.000,-1.5224,1.22128,0.65640,0.80164,-1.3446
9.000,-1.4158,1.24933,0.65025,0.81237,-1.5506
9.000,-1.3077,1.27774,0.64287,0.82142,-1.7708
9.000,-1.1983,1.30650,0.63413,0.82849,-2.0064
9.000,-1.0878,1.33556,0.62387,0.83321,-2.2589
9.000,-0.9762,1.36491,0.61189,0.83517,-2.5302
9.000,-0.8636,1.39451,0.59794,0.83384,-2.8225
9.000,-0.7502,1.42434,0.58172,0.82857,-3.1388
9.000,-0.6361,1.45436,0.56281,0.81853,-3.4832
9.000,-0.5213,1.48455,0.54063,0.80258,-3.8613
9.000,-0.4060,1.51487,0.51430,0.77909,-4.2817
9.000,-0.2903,1.54529,0.48238,0.74543,-4.7589
9.000,-0.1743,1.57579,0.44213,0.69670,-5.3203
9.000,-0.0581,1.60634,0.38650,0.62086,-6.0364
9.000,0.0581,1.60634,0.38650,0.62086,-6.0364
9.000,0.1743,1.57579,0.44213,0.69670,-5.3203
9.000,0.2903,1.54529,0.48238,0.74543,-4.7589
9.000,0.4060,1.51487,0.51430,0.77909,-4.2817
9.000,0.5213,1.48455,0.54063,0.80258,-3.8613
9.000,0.6361,1.45436,0.56281,0.81853,-3.4832
9.000,0.7502,1.42434,0.58172,0.82857,-3.1388
9.000,0.8636,1.39451,0.59794,0.83384,-2.8225
9.000,0.9762,1.36491,0.61189,0.83517,-2.5302
9.000,1.0878,1.33556,0.62387,0.83321,-2.2589
9.000,1.1983,1.30650,0.63413,0.82849,-2.0064
9.000,1.3077,1.27774,0.64287,0.82142,-1.7708
9.000,1.4158,1.24933,0.65025,0.81237,-1.5506
9.000,1.5224,1.22128,0.65640,0.80164,-1.3446
9.000,1.6276,1.19363,0.66144,0.78951,-1.1518
9.000,1.7311,1.16639,0.66548,0.77621,-0.9713
9.000,1.8330,1.13961,0.66859,0.76194,-0.8024
9.000,1.9330,1.11331,0.67087,0.74688,-0.6443
9.000,2.0311,1.08750,0.67237,0.73121,-0.4966
9.000,2.1273,1.06223,0.67317,0.71505,-0.3587
9.000,2.2213,1.03750,0.67330,0.69855,-0.2303
9.000,2.3131,1.01335,0.67283,0.68181,-0.1110
9.000,2.4027,0.98980,0.67179,0.66494,-0.0004
9.000,2.4898,0.96688,0.67022,0.64802,0.1016
9.000,2.5746,0.94460,0.66815,0.63114,0.1953
9.000,2.6567,0.92299,0.66560,0.61435,0.2808
9.000,2.7363,0.90207,0.66260,0.59771,0.3580
9.000,2.8132,0.88186,0.65914,0.58127,0.4271
9.000,2.8872,0.86238,0.65523,0.56506,0.4880
9.000,2.9585,0.84365,0.65087,0.54910,0.5404
9.000,3.0268,0.82568,0.64603,0.53342,0.5841
9.000,3.0921,0.80850,0.64070,0.51801,0.6187
9.000,3.1544,0.79213,0.63482,0.50286,0.6438
9.000,3.2135,0.77657,0.62833,0.48794,0.6586
9.000,3.2695,0.76185,0.62117,0.47324,0.6622
9.000,3.3223,0.74797,0.61323,0.45868,0.6537
9.000,3.3718,0.73496,0.60437,0.44419,0.6316
9.000,3.4179,0.72282,0.59445,0.42968,0.5942
9.000,3.4607,0.71157,0.58326,0.41503,0.5395
9.000,3.5001,0.70122,0.57054,0.40007,0.4649
9.000,3.5360,0.69178,0.55597,0.38461,0.3670
9.000,3.5684,0.68325,0.53916,0.36838,0.2418
9.000,3.5973,0.67565,0.51958,0.35105,0.0840
9.000,3.6227,0.66898,0.49656,0.33219,-0.1131
9.000,3.6445,0.66326,0.46923,0.31122,-0.3584
9.000,3.6626,0.65847,0.43638,0.28735,-0.6640
9.000,3.6772,0.65464,0.39634,0.25946,-1.0469
9.000,3.6881,0.65177,0.34660,0.22590,-1.5321
9.000,3.6954,0.64985,0.28350,0.18424,-2.1564
9.000,3.6991,0.64889,0.20679,0.13419,-2.9226
10.000,-3.6991,0.64889,0.23981,0.15561,-3.5907
10.000,-3.6954,0.64985,0.32876,0.21365,-2.7015
10.000,-3.6881,0.65177,0.40189,0.26194,-1.9763
10.000,-3.6772,0.65464,0.45948,0.30080,-1.4121
10.000,-3.6626,0.65847,0.50579,0.33305,-0.9664
10.000,-3.6445,0.66326,0.54368,0.36060,-0.6101
10.000,-3.6227,0.66898,0.57511,0.38474,-0.3235
10.000,-3.5973,0.67565,0.60147,0.40638,-0.0928
10.000,-3.5684,0.68325,0.62378,0.42620,0.0924
10.000,-3.5360,0.69178,0.64282,0.44469,0.2399
10.000,-3.5001,0.70122,0.65918,0.46223,0.3558
10.000,-3.4607,0.71157,0.67333,0.47912,0.4449
10.000,-3.4179,0.72282,0.68565,0.49560,0.5109
10.000,-3.3718,0.73496,0.69643,0.51185,0.5569
10.000,-3.3223,0.74797,0.70592,0.52801,0.5854
10.000,-3.2695,0.76185,0.71430,0.54418,0.5983
10.000,-3.2135,0.77657,0.72172,0.56047,0.5973
10.000,-3.1544,0.79213,0.72831,0.57692,0.5836
10.000,-3.0921,0.80850,0.73417,0.59358,0.5583
10.000,-3.0268,0.82568,0.73936,0.61048,0.5222
10.000,-2.9585,0.84365,0.74394,0.62762,0.4759
10.000,-2.8872,0.86238,0.74794,0.64501,0.4199
10.000,-2.8132,0.88186,0.75140,0.66263,0.3545
10.000,-2.7363,0.90207,0.75432,0.68045,0.2800
10.000,-2.6567,0.92299,0.75671,0.69843,0.1965
10.000,-2.5746,0.94460,0.75856,0.71654,0.1041
10.000,-2.4898,0.96688,0.75987,0.73470,0.0027
10.000,-2.4027,0.98980,0.76060,0.75284,-0.1077
10.000,-2.3131,1.01335,0.76073,0.77089,-0.2274
10.000,-2.2213,1.03750,0.76023,0.78874,-0.3566
10.000,-2.1273,1.06223,0.75904,0.80628,-0.4955
10.000,-2.0311,1.08750,0.75714,0.82339,-0.6446
10.000,-1.9330,1.11331,0.75445,0.83993,-0.8042
10.000,-1.8330,1.13961,0.75091,0.85575,-0.9749
10.000,-1.7311,1.16639,0.74646,0.87067,-1.1573
10.000,-1.6276,1.19363,0.74101,0.88449,-1.3520
10.000,-1.5224,1.22128,0.73446,0.89698,-1.5600
10.000,-1.4158,1.24933,0.72671,0.90790,-1.7820
10.000,-1.3077,1.27774,0.71764,0.91696,-2.0192
10.000,-1.1983,1.30650,0.70709,0.92381,-2.2730
10.000,-1.0878,1.33556,0.69490,0.92808,-2.5449
10.000,-0.9762,1.36491,0.68085,0.92929,-2.8370
10.000,-0.8636,1.39451,0.66467,0.92689,-3.1517
10.000,-0.7502,1.42434,0.64603,0.92016,-3.4924
10.000,-0.6361,1.45436,0.62447,0.90821,-3.8633
10.000,-0.5213,1.48455,0.59936,0.88977,-4.2709
10.000,-0.4060,1.51487,0.56973,0.86307,-4.7245
10.000,-0.2903,1.54529,0.53402,0.82521,-5.2399
10.000,-0.1743,1.57579,0.48917,0.77083,-5.8474
10.000,-0.0581,1.60634,0.42745,0.68663,-6.6248
10.000,0.0581,1.60634,0.42745,0.68663,-6.6248
10.000,0.1743,1.57579,0.48917,0.77083,-5.8474
10.000,0.2903,1.54529,0.53402,0.82521,-5.2399
10.000,0.4060,1.51487,0.56973,0.86307,-4.7245
10.000,0.5213,1.48455,0.59936,0.88977,-4.2709
10.000,0.6361,1.45436,0.62447,0.90821,-3.8633
10.000,0.7502,1.42434,0.64603,0.92016,-3.4924
10.000,0.8636,1.39451,0.66467,0.92689,-3.1517
10.000,0.9762,1.36491,0.68085,0.92929,-2.8370
10.000,1.0878,1.33556,0.69490,0.92808,-2.5449
10.000,1.1983,1.30650,0.70709,0.92381,-2.2730
10.000,1.3077,1.27774,0.71764,0.91696,-2.0192
10.000,1.4158,1.24933,0.72671,0.90790,-1.7820
10.000,1.5224,1.22128,0.73446,0.89698,-1.5600
10.000,1.6276,1.19363,0.74101,0.88449,-1.3520
10.000,1.7311,1.16639,0.74646,0.87067,-1.1573
10.000,1.8330,1.13961,0.75091,0.85575,-0.9749
10.000,1.9330,1.11331,0.75445,0.83993,-0.8042
10.000,2.0311,1.08750,0.75714,0.82339,-0.6446
10.000,2.1273,1.06223,0.75904,0.80628,-0.4955
10.000,2.2213,1.03750,0.76023,0.78874,-0.3566
10.000,2.3131,1.01335,0.76073,0.77089,-0.2274
10.000,2.4027,0.98980,0.76060,0.75284,-0.1077
10.000,2.4898,0.96688,0.75987,0.73470,0.0027
10.000,2.5746,0.94460,0.75856,0.71654,0.1041
10.000,2.6567,0.92299,0.75671,0.69843,0.1965
10.000,2.7363,0.90207,0.75432,0.68045,0.2800
10.000,2.8132,0.88186,0.75140,0.66263,0.3545
10.000,2.8872,0.86238,0.74794,0.64501,0.4199
10.000,2.9585,0.84365,0.74394,0.62762,0.4759
10.000,3.0268,0.82568,0.73936,0.61048,0.5222
10.000,3.0921,0.80850,0.73417,0.59358,0.5583
10.000,3.1544,0.79213,0.72831,0.57692,0.5836
10.000,3.2135,0.77657,0.72172,0.56047,0.5973
10.000,3.2695,0.76185,0.71430,0.54418,0.5983
10.000,3.3223,0.74797,0.70592,0.52801,0.5854
10.000,3.3718,0.73496,0.69643,0.51185,0.5569
10.000,3.4179,0.72282,0.68565,0.49560,0.5109
10.000,3.4607,0.71157,0.67333,0.47912,0.4449
10.000,3.5001,0.70122,0.65918,0.46223,0.3558
10.000,3.5360,0.69178,0.64282,0.44469,0.2399
10.000,3.5684,0.68325,0.62378,0.42620,0.0924
10.000,3.5973,0.67565,0.60147,0.40638,-0.0928
10.000,3.6227,0.66898,0.57511,0.38474,-0.3235
10.000,3.6445,0.66326,0.54368,0.36060,-0.6101
10.000,3.6626,0.65847,0.50579,0.33305,-0.9664
10.000,3.6772,0.65464,0.45948,0.30080,-1.4121
10.000,3.6881,0.65177,0.40189,0.26194,-1.9763
10.000,3.6954,0.64985,0.32876,0.21365,-2.7015
10.000,3.6991,0.64889,0.23981,0.15561,-3.5907
11.000,-3.6991,0.64889,0.27283,0.17704,-4.2588
11.000,-3.6954,0.64985,0.37402,0.24306,-3.2465
11.000,-3.6881,0.65177,0.45718,0.29798,-2.4205
11.000,-3.6772,0.65464,0.52263,0.34214,-1.7774
11.000,-3.6626,0.65847,0.57519,0.37875,-1.2687
11.000,-3.6445,0.66326,0.61813,0.40998,-0.8617
11.000,-3.6227,0.66898,0.65366,0.43729,-0.5340
11.000,-3.5973,0.67565,0.68337,0.46172,-0.2696
11.000,-3.5684,0.68325,0.70841,0.48402,-0.0570
11.000,-3.5360,0.69178,0.72966,0.50476,0.1128
11.000,-3.5001,0.70122,0.74781,0.52438,0.2468
11.000,-3.4607,0.71157,0.76340,0.54321,0.3502
11.000,-3.4179,0.72282,0.77684,0.56152,0.4275
11.000,-3.3718,0.73496,0.78848,0.57950,0.4822
11.000,-3.3223,0.74797,0.79860,0.59733,0.5171
11.000,-3.2695,0.76185,0.80742,0.61513,0.5344
11.000,-3.2135,0.77657,0.81511,0.63299,0.5360
11.000,-3.1544,0.79213,0.82181,0.65098,0.5235
11.000,-3.0921,0.80850,0.82764,0.66915,0.4979
11.000,-3.0268,0.82568,0.83268,0.68753,0.4603
11.000,-2.9585,0.84365,0.83700,0.70613,0.4114
11.000,-2.8872,0.86238,0.84065,0.72496,0.3518
11.000,-2.8132,0.88186,0.84365,0.74398,0.2819
11.000,-2.7363,0.90207,0.84604,0.76319,0.2020
11.000,-2.6567,0.92299,0.84781,0.78252,0.1123
11.000,-2.5746,0.94460,0.84897,0.80194,0.0129
11.000,-2.4898,0.96688,0.84951,0.82137,-0.0962
11.000,-2.4027,0.98980,0.84940,0.84074,-0.2150
11.000,-2.3131,1.01335,0.84863,0.85996,-0.3438
11.000,-2.2213,1.03750,0.84715,0.87892,-0.4828
11.000,-2.1273,1.06223,0.84492,0.89750,-0.6322
11.000,-2.0311,1.08750,0.84190,0.91557,-0.7925
11.000,-1.9330,1.11331,0.83803,0.93298,-0.9641
11.000,-1.8330,1.13961,0.83323,0.94956,-1.1474
11.000,-1.7311,1.16639,0.82745,0.96513,-1.3432
11.000,-1.6276,1.19363,0.82058,0.97946,-1.5522
11.000,-1.5224,1.22128,0.81253,0.99232,-1.7753
11.000,-1.4158,1.24933,0.80318,1.00344,-2.0133
11.000,-1.3077,1.27774,0.79241,1.01250,-2.2676
11.000,-1.1983,1.30650,0.78006,1.01914,-2.5396
11.000,-1.0878,1.33556,0.76593,1.02295,-2.8309
11.000,-0.9762,1.36491,0.74981,1.02342,-3.1438
11.000,-0.8636,1.39451,0.73140,1.01994,-3.4810
11.000,-0.7502,1.42434,0.71034,1.01176,-3.8460
11.000,-0.6361,1.45436,0.68613,0.99788,-4.2435
11.000,-0.5213,1.48455,0.65809,0.97696,-4.6805
11.000,-0.4060,1.51487,0.62517,0.94705,-5.1673
11.000,-0.2903,1.54529,0.58565,0.90500,-5.7209
11.000,-0.1743,1.57579,0.53621,0.84496,-6.3746
11.000,-0.0581,1.60634,0.46839,0.75240,-7.2133
11.000,0.0581,1.60634,0.46839,0.75240,-7.2133
11.000,0.1743,1.57579,0.53621,0.84496,-6.3746
11.000,0.2903,1.54529,0.58565,0.90500,-5.7209
11.000,0.4060,1.51487,0.62517,0.94705,-5.1673
11.000,0.5213,1.48455,0.65809,0.97696,-4.6805
11.000,0.6361,1.45436,0.68613,0.99788,-4.2435
11.000,0.7502,1.42434,0.71034,1.01176,-3.8460
11.000,0.8636,1.39451,0.73140,1.01994,-3.4810
11.000,0.9762,1.36491,0.74981,1.02342,-3.1438
11.000,1.0878,1.33556,0.76593,1.02295,-2.8309
11.000,1.1983,1.30650,0.78006,1.01914,-2.5396
11.000,1.3077,1.27774,0.79241,1.01250,-2.2676
11.000,1.4158,1.24933,0.80318,1.00344,-2.0133
11.000,1.5224,1.22128,0.81253,0.99232,-1.7753
11.000,1.6276,1.19363,0.82058,0.97946,-1.5522
11.000,1.7311,1.16639,0.82745,0.96513,-1.3432
11.000,1.8330,1.13961,0.83323,0.94956,-1.1474
11.000,1.9330,1.11331,0.83803,0.93298,-0.9641
11.000,2.0311,1.08750,0.84190,0.91557,-0.7925
11.000,2.1273,1.06223,0.84492,0.89750,-0.6322
11.000,2.2213,1.03750,0.84715,0.87892,-0.4828
11.000,2.3131,1.01335,0.84863,0.85996,-0.3438
11.000,2.4027,0.98980,0.84940,0.84074,-0.2150
11.000,2.4898,0.96688,0.84951,0.82137,-0.0962
11.000,2.5746,0.94460,0.84897,0.80194,0.0129
11.000,2.6567,0.92299,0.84781,0.78252,0.1123
11.000,2.7363,0.90207,0.84604,0.76319,0.2020
11.000,2.8132,0.88186,0.84365,0.74398,0.2819
11.000,2.8872,0.86238,0.84065,0.72496,0.3518
11.000,2.9585,0.84365,0.83700,0.70613,0.4114
11.000,3.0268,0.82568,0.83268,0.68753,0.4603
11.000,3.0921,0.80850,0.82764,0.66915,0.4979
11.000,3.1544,0.79213,0.82181,0.65098,0.5235
11.000,3.2135,0.77657,0.81511,0.63299,0.5360
11.000,3.2695,0.76185,0.80742,0.61513,0.5344
11.000,3.3223,0.74797,0.79860,0.59733,0.5171
11.000,3.3718,0.73496,0.78848,0.57950,0.4822
11.000,3.4179,0.72282,0.77684,0.56152,0.4275
11.000,3.4607,0.71157,0.76340,0.54321,0.3502
11.000,3.5001,0.70122,0.74781,0.52438,0.2468
11.000,3.5360,0.69178,0.72966,0.50476,0.1128
11.000,3.5684,0.68325,0.70841,0.48402,-0.0570
11.000,3.5973,0.67565,0.68337,0.46172,-0.2696
11.000,3.6227,0.66898,0.65366,0.43729,-0.5340
11.000,3.6445,0.66326,0.61813,0.40998,-0.8617
11.000,3.6626,0.65847,0.57519,0.37875,-1.2687
11.000,3.6772,0.65464,0.52263,0.34214,-1.7774
11.000,3.6881,0.65177,0.45718,0.29798,-2.4205
11.000,3.6954,0.64985,0.37402,0.24306,-3.2465
11.000,3.6991,0.64889,0.27283,0.17704,-4.2588
12.000,-3.6991,0.64889,0.30585,0.19846,-4.9268
12.000,-3.6954,0.64985,0.41928,0.27247,-3.7916
12.000,-3.6881,0.65177,0.51247,0.33401,-2.8647
12.000,-3.6772,0.65464,0.58578,0.38348,-2.1426
12.000,-3.6626,0.65847,0.64460,0.42445,-1.5711
12.000,-3.6445,0.66326,0.69258,0.45936,-1.1134
12.000,-3.6227,0.66898,0.73221,0.48984,-0.7444
12.000,-3.5973,0.67565,0.76526,0.51705,-0.4464
12.000,-3.5684,0.68325,0.79303,0.54184,-0.2063
12.000,-3.5360,0.69178,0.81650,0.56484,-0.0142
12.000,-3.5001,0.70122,0.83645,0.58653,0.1377
12.000,-3.4607,0.71157,0.85346,0.60730,0.2556
12.000,-3.4179,0.72282,0.86803,0.62743,0.3442
12.000,-3.3718,0.73496,0.88054,0.64716,0.4075
12.000,-3.3223,0.74797,0.89129,0.66666,0.4488
12.000,-3.2695,0.76185,0.90055,0.68608,0.4705
12.000,-3.2135,0.77657,0.90850,0.70551,0.4748
12.000,-3.1544,0.79213,0.91531,0.72505,0.4633
12.000,-3.0921,0.80850,0.92112,0.74473,0.4375
12.000,-3.0268,0.82568,0.92601,0.76459,0.3984
12.000,-2.9585,0.84365,0.93007,0.78465,0.3469
12.000,-2.8872,0.86238,0.93336,0.80491,0.2837
12.000,-2.8132,0.88186,0.93591,0.82534,0.2092
12.000,-2.7363,0.90207,0.93776,0.84593,0.1240
12.000,-2.6567,0.92299,0.93892,0.86661,0.0281
12.000,-2.5746,0.94460,0.93938,0.88734,-0.0783
12.000,-2.4898,0.96688,0.93915,0.90805,-0.1951
12.000,-2.4027,0.98980,0.93821,0.92865,-0.3224
12.000,-2.3131,1.01335,0.93653,0.94903,-0.4603
12.000,-2.2213,1.03750,0.93407,0.96910,-0.6091
12.000,-2.1273,1.06223,0.93080,0.98872,-0.7690
12.000,-2.0311,1.08750,0.92667,1.00775,-0.9405
12.000,-1.9330,1.11331,0.92161,1.02603,-1.1239
12.000,-1.8330,1.13961,0.91555,1.04338,-1.3200
12.000,-1.7311,1.16639,0.90843,1.05959,-1.5292
12.000,-1.6276,1.19363,0.90014,1.07443,-1.7524
12.000,-1.5224,1.22128,0.89059,1.08766,-1.9906
12.000,-1.4158,1.24933,0.87965,1.09897,-2.2447
12.000,-1.3077,1.27774,0.86718,1.10803,-2.5160
12.000,-1.1983,1.30650,0.85302,1.11447,-2.8062
12.000,-1.0878,1.33556,0.83696,1.11782,-3.1169
12.000,-0.9762,1.36491,0.81877,1.11754,-3.4506
12.000,-0.8636,1.39451,0.79813,1.11300,-3.8102
12.000,-0.7502,1.42434,0.77464,1.10336,-4.1995
12.000,-0.6361,1.45436,0.74779,1.08756,-4.6237
12.000,-0.5213,1.48455,0.71682,1.06415,-5.0902
12.000,-0.4060,1.51487,0.68061,1.03103,-5.6100
12.000,-0.2903,1.54529,0.63728,0.98479,-6.2019
12.000,-0.1743,1.57579,0.58325,0.91908,-6.9017
12.000,-0.0581,1.60634,0.50934,0.81817,-7.8017
12.000,0.0581,1.60634,0.50934,0.81817,-7.8017
12.000,0.1743,1.57579,0.58325,0.91908,-6.9017
12.000,0.2903,1.54529,0.63728,0.98479,-6.2019
12.000,0.4060,1.51487,0.68061,1.03103,-5.6100
12.000,0.5213,1.48455,0.71682,1.06415,-5.0902
12.000,0.6361,1.45436,0.74779,1.08756,-4.6237
12.000,0.7502,1.42434,0.77464,1.10336,-4.1995
12.000,0.8636,1.39451,0.79813,1.11300,-3.8102
12.000,0.9762,1.36491,0.81877,1.11754,-3.4506
12.000,1.0878,1.33556,0.83696,1.11782,-3.1169
12.000,1.1983,1.30650,0.85302,1.11447,-2.8062
12.000,1.3077,1.27774,0.86718,1.10803,-2.5160
12.000,1.4158,1.24933,0.87965,1.09897,-2.2447
12.000,1.5224,1.22128,0.89059,1.08766,-1.9906
12.000,1.6276,1.19363,0.90014,1.07443,-1.7524
12.000,1.7311,1.16639,0.90843,1.05959,-1.5292
12.000,1.8330,1.13961,0.91555,1.04338,-1.3200
12.000,1.9330,1.11331,0.92161,1.02603,-1.1239
12.000,2.0311,1.08750,0.92667,1.00775,-0.9405
12.000,2.1273,1.06223,0.93080,0.98872,-0.7690
12.000,2.2213,1.03750,0.93407,0.96910,-0.6091
12.000,2.3131,1.01335,0.93653,0.94903,-0.4603
12.000,2.4027,0.98980,0.93821,0.92865,-0.3224
12.000,2.4898,0.96688,0.93915,0.90805,-0.1951
12.000,2.5746,0.94460,0.93938,0.88734,-0.0783
12.000,2.6567,0.92299,0.93892,0.86661,0.0281
12.000,2.7363,0.90207,0.93776,0.84593,0.1240
12.000,2.8132,0.88186,0.93591,0.82534,0.2092
12.000,2.8872,0.86238,0.93336,0.80491,0.2837
12.000,2.9585,0.84365,0.93007,0.78465,0.3469
12.000,3.0268,0.82568,0.92601,0.76459,0.3984
12.000,3.0921,0.80850,0.92112,0.74473,0.4375
12.000,3.1544,0.79213,0.91531,0.72505,0.4633
12.000,3.2135,0.77657,0.90850,0.70551,0.4748
12.000,3.2695,0.76185,0.90055,0.68608,0.4705
12.000,3.3223,0.74797,0.89129,0.66666,0.4488
12.000,3.3718,0.73496,0.88054,0.64716,0.4075
12.000,3.4179,0.72282,0.86803,0.62743,0.3442
12.000,3.4607,0.71157,0.85346,0.60730,0.2556
12.000,3.5001,0.70122,0.83645,0.58653,0.1377
12.000,3.5360,0.69178,0.81650,0.56484,-0.0142
12.000,3.5684,0.68325,0.79303,0.54184,-0.2063
12.000,3.5973,0.67565,0.76526,0.51705,-0.4464
12.000,3.6227,0.66898,0.73221,0.48984,-0.7444
12.000,3.6445,0.66326,0.69258,0.45936,-1.1134
12.000,3.6626,0.65847,0.64460,0.42445,-1.5711
12.000,3.6772,0.65464,0.58578,0.38348,-2.1426
12.000,3.6881,0.65177,0.51247,0.33401,-2.8647
12.000,3.6954,0.64985,0.41928,0.27247,-3.7916
12.000,3.6991,0.64889,0.30585,0.19846,-4.9268
