dt_ms,abs_dt_ms
9.8602,9.8602
-0.0867,0.0867
1.2908,1.2908
6.8418,6.8418
-12.6170,12.6170
3.6110,3.6110
7.1544,7.1544
1.6178,1.6178
-2.0969,2.0969
1.1564,1.1564
0.5461,0.5461
8.2875,8.2875
-1.7415,1.7415
3.2172,3.2172
0.9564,0.9564
-4.0224,4.0224
-5.3038,5.3038
-2.2559,2.2559
10.1117,10.1117
-7.2978,7.2978
-4.4333,4.4333
1.0868,1.0868
-5.6240,5.6240
4.6829,4.6829
-7.7808,7.7808
-10.4729,10.4729
4.9417,4.9417
7.4882,7.4882
-2.0719,2.0719
-3.6404,3.6404
5.6043,5.6043
2.1502,2.1502
0.2906,0.2906
4.4102,4.4102
3.4259,3.4259
0.7535,0.7535
-4.8697,4.8697
1.0744,1.0744
-1.1867,1.1867
-0.7712,0.7712
5.5400,5.5400
3.7284,3.7284
0.8504,0.8504
-0.6936,0.6936
3.8540,3.8540
-2.0196,2.0196
0.8731,0.8731
3.2570,3.2570
4.3801,4.3801
2.7299,2.7299
5.6664,5.6664
4.5031,4.5031
-7.3798,7.3798
-2.2026,2.2026
-6.6986,6.6986
-7.7194,7.7194
-0.1062,0.1062
2.6278,2.6278
-5.5778,5.5778
12.3320,12.3320
-2.8562,2.8562
-0.6429,0.6429
2.1295,2.1295
0.0240,0.0240
-9.0812,9.0812
-2.4461,2.4461
-1.7764,1.7764
5.5162,5.5162
4.0817,4.0817
4.5337,4.5337
-7.6617,7.6617
0.1232,0.1232
-9.2218,9.2218
-7.2117,7.2117
6.1242,6.1242
8.1854,8.1854
-0.9233,0.9233
-1.1195,1.1195
4.6744,4.6744
3.4892,3.4892
5.2885,5.2885
2.4716,2.4716
1.5634,1.5634
-11.6548,11.6548
-5.8221,5.8221
-1.1306,1.1306
-3.5891,3.5891
-8.2874,8.2874
0.7950,0.7950
-2.0630,2.0630
2.1486,2.1486
1.1487,1.1487
-12.1955,12.1955
1.4105,1.4105
-5.0094,5.0094
-1.3139,1.3139
-5.5549,5.5549
2.2314,2.2314
7.4449,7.4449
1.8695,1.8695
-5.2892,5.2892
6.0642,6.0642
-3.4304,3.4304
4.5175,4.5175
4.8551,4.8551
1.6041,1.6041
-6.3407,6.3407
5.2001,5.2001
0.0891,0.0891
-14.3028,14.3028
-6.3843,6.3843
11.6222,11.6222
3.3765,3.3765
-5.7055,5.7055
-5.9892,5.9892
-5.6009,5.6009
4.3878,4.3878
2.5824,2.5824
10.7237,10.7237
1.6083,1.6083
-3.4110,3.4110
3.5771,3.5771
3.2523,3.2523
5.7849,5.7849
9.0748,9.0748
4.3186,4.3186
-3.3113,3.3113
-1.2984,1.2984
3.0733,3.0733
-1.4202,1.4202
2.2336,2.2336
-4.3713,4.3713
0.5307,0.5307
-5.1128,5.1128
-6.0432,6.0432
-14.7139,14.7139
0.8463,0.8463
5.2547,5.2547
-1.1211,1.1211
13.1736,13.1736
-2.9553,2.9553
-3.0473,3.0473
-5.3793,5.3793
-0.2850,0.2850
-4.4562,4.4562
5.8560,5.8560
7.6795,7.6795
2.3543,2.3543
-10.3376,10.3376
0.5942,0.5942
-2.4581,2.4581
2.4146,2.4146
4.3034,4.3034
-6.4460,6.4460
1.3215,1.3215
-0.3946,0.3946
2.8493,2.8493
7.1333,7.1333
-4.7082,4.7082
-2.0666,2.0666
-6.9680,6.9680
-8.8595,8.8595
9.2381,9.2381
5.9606,5.9606
-3.5490,3.5490
0.8856,0.8856
2.6156,2.6156
8.4330,8.4330
-5.7354,5.7354
6.6119,6.6119
-0.2257,0.2257
-3.7346,3.7346
3.8355,3.8355
-10.7271,10.7271
3.4392,3.4392
5.1826,5.1826
0.1626,0.1626
1.2982,1.2982
-3.6847,3.6847
-4.0291,4.0291
11.0941,11.0941
12.6898,12.6898
-10.3895,10.3895
1.6468,1.6468
3.5234,3.5234
0.2110,0.2110
-0.0094,0.0094
-0.4832,0.4832
-9.2879,9.2879
2.7192,2.7192
16.3304,16.3304
6.5448,6.5448
-11.0672,11.0672
7.6399,7.6399
-4.0913,4.0913
4.7353,4.7353
7.4876,7.4876
0.7411,0.7411
-0.8705,0.8705
-3.4496,3.4496
2.9415,2.9415
-1.3011,1.3011
-8.1307,8.1307
-0.6606,0.6606
-6.5305,6.5305
4.2612,4.2612
3.9292,3.9292
3.5582,3.5582
-1.7834,1.7834
-1.8423,1.8423
-0.4846,0.4846
-1.8321,1.8321
3.0512,3.0512
7.3289,7.3289
-4.0181,4.0181
3.5213,3.5213
-3.3229,3.3229
6.5883,6.5883
9.0852,9.0852
-3.8067,3.8067
-4.5985,4.5985
1.2874,1.2874
8.7994,8.7994
-7.8225,7.8225
9.1446,9.1446
-0.3561,0.3561
10.7968,10.7968
9.4885,9.4885
-7.7398,7.7398
6.8016,6.8016
8.5030,8.5030
2.3913,2.3913
7.9979,7.9979
8.6030,8.6030
-0.5683,0.5683
3.8305,3.8305
-1.5908,1.5908
-0.2296,0.2296
-9.3576,9.3576
-6.4752,6.4752
-3.7960,3.7960
-3.1468,3.1468
-9.0895,9.0895
-3.4576,3.4576
4.4155,4.4155
-2.1467,2.1467
1.5323,1.5323
1.2370,1.2370
5.4558,5.4558
4.7868,4.7868
2.6907,2.6907
3.1057,3.1057
1.6193,1.6193
-5.0356,5.0356
-3.2679,3.2679
1.8978,1.8978
-1.3871,1.3871
-7.3923,7.3923
-1.7915,1.7915
-2.0496,2.0496
0.7674,0.7674
0.6252,0.6252
-4.1254,4.1254
-6.8160,6.8160
-0.9767,0.9767
0.7207,0.7207
0.7906,0.7906
-2.4317,2.4317
-1.8835,1.8835
0.2949,0.2949
2.2349,2.2349
5.9737,5.9737
-6.0122,6.0122
12.2139,12.2139
2.4832,2.4832
-0.6280,0.6280
9.8445,9.8445
16.3138,16.3138
1.5531,1.5531
-0.1587,0.1587
0.2824,0.2824
-1.8385,1.8385
1.2896,1.2896
2.2471,2.2471
3.5264,3.5264
-1.3971,1.3971
-4.4524,4.4524
5.6456,5.6456
-3.6626,3.6626
-7.4066,7.4066
-2.3904,2.3904
-7.3324,7.3324
1.4858,1.4858
2.8229,2.8229
-2.1640,2.1640
-3.2912,3.2912
-0.3944,0.3944
5.8843,5.8843
-6.3802,6.3802
4.3794,4.3794
5.9460,5.9460
0.9550,0.9550
6.1637,6.1637
-3.5732,3.5732
9.6853,9.6853
-4.2362,4.2362
1.9372,1.9372
-3.7491,3.7491
-3.4028,3.4028
8.4886,8.4886
5.7168,5.7168
-1.3294,1.3294
8.7087,8.7087
-1.0100,1.0100
-0.5739,0.5739
4.0854,4.0854
-3.7009,3.7009
2.4585,2.4585
8.7906,8.7906
-6.6830,6.6830
6.3351,6.3351
8.5319,8.5319
1.5489,1.5489
-1.7560,1.7560
3.9719,3.9719
-6.6165,6.6165
-9.5772,9.5772
-3.1972,3.1972
-3.2824,3.2824
1.9383,1.9383
-1.7506,1.7506
-5.5018,5.5018
6.6192,6.6192
-11.4118,11.4118
9.0224,9.0224
-7.7394,7.7394
3.0688,3.0688
-0.6012,0.6012
1.4992,1.4992
-3.0927,3.0927
-0.5092,0.5092
1.3045,1.3045
3.4174,3.4174
1.9363,1.9363
5.0485,5.0485
-11.9618,11.9618
-12.4100,12.4100
-2.0703,2.0703
-7.8307,7.8307
6.4929,6.4929
-0.7395,0.7395
3.4702,3.4702
-1.8438,1.8438
8.9887,8.9887
8.3740,8.3740
6.9350,6.9350
-5.5923,5.5923
5.7455,5.7455
-9.2585,9.2585
-2.3518,2.3518
6.6715,6.6715
7.5360,7.5360
-1.0259,1.0259
-1.1755,1.1755
-6.6082,6.6082
3.4248,3.4248
-1.8511,1.8511
-2.6653,2.6653
0.4350,0.4350
-2.7231,2.7231
-10.1647,10.1647
6.2096,6.2096
-0.5707,0.5707
3.0290,3.0290
-1.7397,1.7397
6.9329,6.9329
-6.9649,6.9649
-4.5184,4.5184
5.2604,5.2604
-5.2975,5.2975
-0.6293,0.6293
0.1405,0.1405
1.5286,1.5286
-12.5763,12.5763
-11.6126,11.6126
-2.4082,2.4082
1.7234,1.7234
-4.2714,4.2714
4.3580,4.3580
1.6010,1.6010
-5.2943,5.2943
1.9691,1.9691
2.0674,2.0674
2.0293,2.0293
4.9035,4.9035
-4.8787,4.8787
2.6452,2.6452
5.4807,5.4807
2.4062,2.4062
5.6731,5.6731
-4.6430,4.6430
-0.8430,0.8430
6.6758,6.6758
-0.8718,0.8718
2.2965,2.2965
-4.9880,4.9880
-5.1841,5.1841
-2.9727,2.9727
-5.8792,5.8792
-2.0789,2.0789
-7.9104,7.9104
-14.9180,14.9180
-4.6230,4.6230
-0.0682,0.0682
-4.7511,4.7511
6.5709,6.5709
-0.7116,0.7116
2.0982,2.0982
0.6782,0.6782
10.7555,10.7555
3.6033,3.6033
-2.5335,2.5335
-5.1251,5.1251
-0.7378,0.7378
-5.9637,5.9637
0.2302,0.2302
2.0003,2.0003
2.3818,2.3818
0.9492,0.9492
1.4376,1.4376
-9.0504,9.0504
7.3882,7.3882
-6.3120,6.3120
-1.2954,1.2954
1.0537,1.0537
-7.2232,7.2232
2.1996,2.1996
-5.5500,5.5500
-5.2795,5.2795
2.4910,2.4910
-7.8417,7.8417
-2.2033,2.2033
-6.7845,6.7845
-4.9451,4.9451
4.0465,4.0465
0.2937,0.2937
7.0951,7.0951
2.4568,2.4568
3.9709,3.9709
-5.9364,5.9364
4.0780,4.0780
0.6334,0.6334
5.9788,5.9788
3.5833,3.5833
1.9391,1.9391
-1.8328,1.8328
-3.4916,3.4916
-1.3296,1.3296
-0.6873,0.6873
-1.0748,1.0748
3.3718,3.3718
-4.3935,4.3935
-8.0501,8.0501
-4.0918,4.0918
-5.1720,5.1720
1.5255,1.5255
-0.9160,0.9160
7.5589,7.5589
8.9090,8.9090
-4.5381,4.5381
-11.0354,11.0354
3.6069,3.6069
-12.2111,12.2111
9.4710,9.4710
-2.8456,2.8456
-0.1838,0.1838
3.0748,3.0748
-6.7293,6.7293
-2.9949,2.9949
8.5487,8.5487
3.2007,3.2007
0.4243,0.4243
4.6403,4.6403
1.0016,1.0016
8.8462,8.8462
-2.1854,2.1854
-5.1683,5.1683
-2.8552,2.8552
-3.7340,3.7340
-10.7019,10.7019
4.2882,4.2882
-3.3285,3.3285
2.7498,2.7498
2.2585,2.2585
0.5214,0.5214
-2.0168,2.0168
-5.0276,5.0276
0.8709,0.8709
-7.0427,7.0427
-6.1276,6.1276
-1.0501,1.0501
0.7494,0.7494
-0.9103,0.9103
-1.0984,1.0984
-1.1662,1.1662
2.2458,2.2458
7.1085,7.1085
5.7838,5.7838
4.5766,4.5766
-5.4862,5.4862
-3.6151,3.6151
-2.7815,2.7815
4.8522,4.8522
2.7717,2.7717
1.2184,1.2184
5.6633,5.6633
4.1958,4.1958
-0.4289,0.4289
-4.6921,4.6921
7.2163,7.2163
-1.5268,1.5268
-9.5481,9.5481
2.6311,2.6311
0.0952,0.0952
-0.5196,0.5196
7.2396,7.2396
2.0960,2.0960
-2.1454,2.1454
6.4443,6.4443
12.9989,12.9989
9.5948,9.5948
-14.3859,14.3859
4.6226,4.6226
2.5805,2.5805
-7.2310,7.2310
4.4353,4.4353
-4.1903,4.1903
0.9284,0.9284
-11.0891,11.0891
-8.0387,8.0387
0.8870,0.8870
-3.7982,3.7982
-2.9682,2.9682
5.3063,5.3063
-8.7822,8.7822
9.7082,9.7082
2.5778,2.5778
-1.0695,1.0695
0.6237,0.6237
3.9652,3.9652
0.0468,0.0468
9.6144,9.6144
-3.2990,3.2990
3.3389,3.3389
1.6476,1.6476
0.9291,0.9291
0.8836,0.8836
-0.9460,0.9460
-0.8998,0.8998
-0.8974,0.8974
0.8982,0.8982
0.1261,0.1261
9.3422,9.3422
-4.2892,4.2892
1.8885,1.8885
4.5215,4.5215
4.6921,4.6921
-2.7568,2.7568
3.8200,3.8200
-2.2984,2.2984
-0.0730,0.0730
-2.9481,2.9481
2.4835,2.4835
-4.8011,4.8011
-2.0081,2.0081
-13.4112,13.4112
-0.2431,0.2431
7.3409,7.3409
5.3251,5.3251
-4.0116,4.0116
-1.2351,1.2351
-1.4615,1.4615
1.3470,1.3470
-1.3240,1.3240
-4.8491,4.8491
12.1065,12.1065
1.9180,1.9180
-0.9210,0.9210
-2.7238,2.7238
2.0267,2.0267
-7.8758,7.8758
-9.7897,9.7897
0.5550,0.5550
7.8696,7.8696
-16.8231,16.8231
0.0839,0.0839
2.8994,2.8994
4.4499,4.4499
-1.1522,1.1522
-4.0177,4.0177
2.8162,2.8162
-3.3249,3.3249
3.5675,3.5675
1.5325,1.5325
2.5877,2.5877
-6.4606,6.4606
7.2032,7.2032
-2.4520,2.4520
1.8692,1.8692
-0.6951,0.6951
-4.1384,4.1384
-5.1802,5.1802
-0.8613,0.8613
5.2364,5.2364
-1.9693,1.9693
-2.6669,2.6669
8.2293,8.2293
0.6942,0.6942
-9.0203,9.0203
10.4073,10.4073
-5.1933,5.1933
-4.6383,4.6383
7.5630,7.5630
2.6413,2.6413
-4.8492,4.8492
0.9538,0.9538
5.7633,5.7633
2.1437,2.1437
-6.6332,6.6332
-11.6501,11.6501
8.7268,8.7268
1.6725,1.6725
-4.4545,4.4545
-4.8835,4.8835
-3.1359,3.1359
1.7695,1.7695
3.8815,3.8815
0.2660,0.2660
5.2377,5.2377
8.0424,8.0424
1.3738,1.3738
-6.4687,6.4687
3.8188,3.8188
8.9994,8.9994
5.6725,5.6725
7.3795,7.3795
-4.5429,4.5429
-5.9488,5.9488
-4.9749,4.9749
-6.1834,6.1834
-1.2807,1.2807
-2.8434,2.8434
4.2855,4.2855
-4.1000,4.1000
-6.5238,6.5238
-4.5321,4.5321
0.8317,0.8317
4.0758,4.0758
-1.4807,1.4807
-5.3786,5.3786
-13.6624,13.6624
-4.0081,4.0081
-5.8743,5.8743
-0.2746,0.2746
5.1481,5.1481
-2.2193,2.2193
-10.8989,10.8989
1.8113,1.8113
8.3472,8.3472
-8.1869,8.1869
9.8664,9.8664
3.6114,3.6114
4.2346,4.2346
0.8070,0.8070
4.4421,4.4421
-12.1076,12.1076
5.5286,5.5286
0.4618,0.4618
3.7116,3.7116
0.2528,0.2528
-11.5157,11.5157
2.1177,2.1177
20.4946,20.4946
3.4600,3.4600
5.4456,5.4456
1.3265,1.3265
-5.0000,5.0000
1.3361,1.3361
-1.1133,1.1133
-1.2272,1.2272
-4.7919,4.7919
-5.7483,5.7483
-0.5692,0.5692
-7.1061,7.1061
-10.1749,10.1749
-6.5625,6.5625
-10.5780,10.5780
-7.7202,7.7202
-6.5504,6.5504
4.5665,4.5665
2.9649,2.9649
-8.8935,8.8935
3.2159,3.2159
4.0489,4.0489
-0.3198,0.3198
-2.3918,2.3918
1.0324,1.0324
9.1408,9.1408
-3.5278,3.5278
7.7633,7.7633
1.6251,1.6251
1.0880,1.0880
-4.4495,4.4495
1.7952,1.7952
0.6656,0.6656
4.5792,4.5792
-5.0583,5.0583
-0.9823,0.9823
-10.1489,10.1489
-10.3363,10.3363
-4.9072,4.9072
2.4939,2.4939
-12.7197,12.7197
-3.1333,3.1333
-5.3115,5.3115
6.4898,6.4898
1.6849,1.6849
4.6344,4.6344
4.6805,4.6805
-6.6549,6.6549
-0.7721,0.7721
7.6205,7.6205
-4.4652,4.4652
5.5841,5.5841
-1.1022,1.1022
-7.7108,7.7108
2.1488,2.1488
-5.8413,5.8413
-11.4726,11.4726
-2.2736,2.2736
8.2968,8.2968
-0.6923,0.6923
0.4790,0.4790
-6.6312,6.6312
7.9753,7.9753
-3.3383,3.3383
10.3460,10.3460
-1.1413,1.1413
4.0662,4.0662
-4.0046,4.0046
-3.3183,3.3183
4.0773,4.0773
-8.7620,8.7620
-2.4642,2.4642
12.2352,12.2352
-4.7507,4.7507
-1.4071,1.4071
-3.8000,3.8000
3.4478,3.4478
-2.0104,2.0104
-2.7134,2.7134
-5.6129,5.6129
4.1763,4.1763
2.1283,2.1283
2.9977,2.9977
0.8891,0.8891
2.6485,2.6485
-5.1110,5.1110
0.5036,0.5036
-5.7362,5.7362
-2.0395,2.0395
-0.8942,0.8942
-3.2238,3.2238
3.9058,3.9058
4.4924,4.4924
10.4475,10.4475
2.3328,2.3328
4.9354,4.9354
-2.9013,2.9013
-5.0431,5.0431
-3.0649,3.0649
10.7184,10.7184
4.5539,4.5539
9.9973,9.9973
2.3413,2.3413
4.4604,4.4604
-1.8207,1.8207
2.3166,2.3166
-3.3351,3.3351
-4.8256,4.8256
-3.9797,3.9797
-17.6469,17.6469
1.5396,1.5396
-4.9767,4.9767
-5.1177,5.1177
0.6805,0.6805
-1.5019,1.5019
2.4451,2.4451
-0.4074,0.4074
-0.9172,0.9172
3.4519,3.4519
4.6518,4.6518
-1.9153,1.9153
4.0996,4.0996
0.4501,0.4501
1.3400,1.3400
5.1848,5.1848
-1.8624,1.8624
1.5451,1.5451
8.2985,8.2985
0.5536,0.5536
-2.3529,2.3529
-3.5605,3.5605
1.6558,1.6558
-5.3371,5.3371
9.4485,9.4485
-5.0437,5.0437
4.8368,4.8368
14.2790,14.2790
-8.0121,8.0121
-2.5069,2.5069
-0.6973,0.6973
1.3169,1.3169
-1.5157,1.5157
-10.1115,10.1115
-7.5097,7.5097
-0.6880,0.6880
6.9955,6.9955
5.6350,5.6350
-5.0256,5.0256
-4.1547,4.1547
7.1468,7.1468
-12.8864,12.8864
1.1477,1.1477
2.8704,2.8704
-7.7177,7.7177
-1.0679,1.0679
-4.9479,4.9479
13.4044,13.4044
2.1701,2.1701
4.7994,4.7994
3.2967,3.2967
4.7811,4.7811
6.5080,6.5080
1.3038,1.3038
3.1422,3.1422
9.7005,9.7005
4.1362,4.1362
-1.4107,1.4107
2.6984,2.6984
3.8039,3.8039
-1.7528,1.7528
-3.8448,3.8448
1.2722,1.2722
1.4484,1.4484
0.5874,0.5874
8.0235,8.0235
4.7354,4.7354
-7.8418,7.8418
1.9739,1.9739
-7.8241,7.8241
-4.3051,4.3051
-4.7055,4.7055
3.7558,3.7558
-9.9502,9.9502
-2.7210,2.7210
-4.2159,4.2159
-7.8198,7.8198
-5.1130,5.1130
-9.2622,9.2622
8.5274,8.5274
0.8659,0.8659
-5.4528,5.4528
0.8921,0.8921
-1.1538,1.1538
-9.0234,9.0234
2.1600,2.1600
4.0050,4.0050
1.5444,1.5444
3.7143,3.7143
-5.4586,5.4586
5.1826,5.1826
1.9344,1.9344
-5.6831,5.6831
1.6779,1.6779
-5.4261,5.4261
-1.4144,1.4144
-9.0316,9.0316
-2.8157,2.8157
-9.9770,9.9770
-5.9306,5.9306
-10.0879,10.0879
7.8223,7.8223
-9.5480,9.5480
-0.5894,0.5894
-0.8850,0.8850
-4.6495,4.6495
-11.0628,11.0628
-2.1414,2.1414
-4.9827,4.9827
0.2059,0.2059
-2.6200,2.6200
-7.7997,7.7997
5.1443,5.1443
1.1757,1.1757
-0.2250,0.2250
0.3735,0.3735
-8.4694,8.4694
2.9572,2.9572
4.6981,4.6981
0.3750,0.3750
-0.5643,0.5643
2.4094,2.4094
2.2140,2.2140
2.6534,2.6534
0.0113,0.0113
9.9465,9.9465
-8.4944,8.4944
10.0031,10.0031
-1.7899,1.7899
1.0807,1.0807
-4.8378,4.8378
1.3005,1.3005
-5.5076,5.5076
-1.4945,1.4945
14.7630,14.7630
-8.3827,8.3827
-0.3659,0.3659
1.5646,1.5646
-5.0999,5.0999
-3.0195,3.0195
-0.9116,0.9116
-2.8112,2.8112
-2.7222,2.7222
0.5252,0.5252
1.3434,1.3434
-8.7534,8.7534
1.0319,1.0319
12.0702,12.0702
-2.9121,2.9121
1.4853,1.4853
-0.6261,0.6261
-0.2868,0.2868
11.5571,11.5571
-1.6728,1.6728
-4.9053,4.9053
-1.3994,1.3994
-10.5731,10.5731
6.1790,6.1790
-2.2892,2.2892
-8.9521,8.9521
12.0669,12.0669
-4.2780,4.2780
-0.7905,0.7905
2.3334,2.3334
12.7675,12.7675
-4.4169,4.4169
7.1011,7.1011
1.3008,1.3008
1.8290,1.8290
-0.3842,0.3842
4.8039,4.8039
-10.8089,10.8089
-1.1689,1.1689
-8.2522,8.2522
-0.8285,0.8285
2.5450,2.5450
0.5596,0.5596
-0.3803,0.3803
6.9849,6.9849
-1.8279,1.8279
-4.8304,4.8304
1.0675,1.0675
9.7300,9.7300
9.9137,9.9137
-11.0964,11.0964
2.0485,2.0485
3.4846,3.4846
-8.6544,8.6544
-9.2155,9.2155
7.8640,7.8640
-10.8636,10.8636
-4.4723,4.4723
2.4212,2.4212
4.0606,4.0606
-5.0740,5.0740
-4.7575,4.7575
-0.3972,0.3972
7.0237,7.0237
-6.9740,6.9740
3.3290,3.3290
6.2103,6.2103
4.0573,4.0573
-1.7042,1.7042
-3.2659,3.2659
1.2954,1.2954
0.7900,0.7900
2.1099,2.1099
3.2873,3.2873
6.8289,6.8289
6.6908,6.6908
-5.4677,5.4677
5.8131,5.8131
-6.6015,6.6015
3.5102,3.5102
-0.3437,0.3437
-0.1695,0.1695
0.3127,0.3127
3.3629,3.3629
5.0298,5.0298
-7.0731,7.0731
-1.1504,1.1504
1.9705,1.9705
-1.8088,1.8088
-2.0611,2.0611
1.2486,1.2486
-6.3609,6.3609
6.8102,6.8102
2.4670,2.4670
11.5819,11.5819
-5.3309,5.3309
4.6606,4.6606
3.6624,3.6624
1.4688,1.4688
-2.0093,2.0093
-8.3227,8.3227
-7.3384,7.3384
-0.3151,0.3151
-7.9722,7.9722
9.3493,9.3493
4.6079,4.6079
2.0616,2.0616
6.0133,6.0133
2.1731,2.1731
-0.8533,0.8533
0.8059,0.8059
-3.0576,3.0576
1.0083,1.0083
4.3682,4.3682
9.6668,9.6668
-2.0847,2.0847
6.8816,6.8816
6.0174,6.0174
-1.7568,1.7568
-2.8936,2.8936
-10.3212,10.3212
4.1007,4.1007
6.5077,6.5077
-3.2947,3.2947
-2.1685,2.1685
-6.0867,6.0867
-7.8532,7.8532
2.8787,2.8787
5.2873,5.2873
-0.7392,0.7392
12.4178,12.4178
3.9695,3.9695
5.0246,5.0246
0.0904,0.0904
-7.2898,7.2898
-4.5619,4.5619
7.9307,7.9307
1.4681,1.4681
5.4436,5.4436
-6.5107,6.5107
6.6056,6.6056
-3.4877,3.4877
-2.1173,2.1173
9.1746,9.1746
-3.9472,3.9472
4.2844,4.2844
-1.4214,1.4214
-4.5875,4.5875
-8.0981,8.0981
-0.6475,0.6475
10.1378,10.1378
8.9960,8.9960
10.4653,10.4653
-1.3693,1.3693
6.2934,6.2934
-3.7892,3.7892
-3.7481,3.7481
2.5421,2.5421
2.7738,2.7738
5.6036,5.6036
-4.2497,4.2497
-14.0917,14.0917
-6.0164,6.0164
8.6419,8.6419
4.1950,4.1950
6.2768,6.2768
-2.8488,2.8488
1.3858,1.3858
-5.0810,5.0810
-10.3903,10.3903
-0.5063,0.5063
12.7888,12.7888
-3.1689,3.1689
4.3504,4.3504
0.3528,0.3528
9.6067,9.6067
2.2972,2.2972
-7.6328,7.6328
7.2893,7.2893
-2.7912,2.7912
0.8719,0.8719
-9.9511,9.9511
-0.4885,0.4885
6.1077,6.1077
-0.0169,0.0169
2.5750,2.5750
-8.7118,8.7118
-9.8428,9.8428
-0.4025,0.4025
5.5447,5.5447
-1.8982,1.8982
5.7452,5.7452
-3.5894,3.5894
3.4251,3.4251
0.1771,0.1771
-2.5787,2.5787
-4.6984,4.6984
5.5672,5.5672
1.2507,1.2507
3.2766,3.2766
0.0368,0.0368
-1.2762,1.2762
-8.0059,8.0059
-5.1961,5.1961
-5.1777,5.1777
-2.6679,2.6679
3.0604,3.0604
7.1868,7.1868
0.5707,0.5707
-9.7977,9.7977
-2.5490,2.5490
-2.6364,2.6364
-0.8016,0.8016
2.0673,2.0673
-2.7113,2.7113
7.9959,7.9959
4.1153,4.1153
-11.7944,11.7944
-3.9669,3.9669
-2.9814,2.9814
0.2704,0.2704
12.4478,12.4478
2.4503,2.4503
0.4127,0.4127
-7.5222,7.5222
6.2541,6.2541
3.2356,3.2356
-4.1368,4.1368
1.2471,1.2471
5.1302,5.1302
6.4850,6.4850
-10.6111,10.6111
1.8673,1.8673
-4.0851,4.0851
-3.1851,3.1851
-7.0166,7.0166
-6.0433,6.0433
-0.3812,0.3812
-2.7682,2.7682
-8.4595,8.4595
-0.2054,0.2054
10.8030,10.8030
-2.0922,2.0922
-0.4796,0.4796
0.5645,0.5645
1.2905,1.2905
-3.6590,3.6590
-1.0315,1.0315
-3.3979,3.3979
0.6213,0.6213
-10.7426,10.7426
0.7694,0.7694
-2.7927,2.7927
5.8548,5.8548
-0.4054,0.4054
-8.8475,8.8475
-0.8496,0.8496
-2.5216,2.5216
1.5409,1.5409
-8.4414,8.4414
-7.9891,7.9891
-0.5126,0.5126
-0.8556,0.8556
1.6290,1.6290
-1.6783,1.6783
2.6235,2.6235
1.2298,1.2298
4.8506,4.8506
-2.8503,2.8503
3.0175,3.0175
11.7230,11.7230
-5.6337,5.6337
-6.5434,6.5434
9.6958,9.6958
-0.4081,0.4081
-1.9212,1.9212
-6.9480,6.9480
3.3119,3.3119
4.3040,4.3040
-1.5940,1.5940
-10.1519,10.1519
4.9894,4.9894
2.1830,2.1830
14.2647,14.2647
6.1467,6.1467
3.1404,3.1404
-3.0213,3.0213
3.9313,3.9313
-3.3382,3.3382
-8.2249,8.2249
2.9213,2.9213
-16.4611,16.4611
-6.4077,6.4077
-6.3268,6.3268
3.8800,3.8800
-5.3079,5.3079
10.2875,10.2875
-3.1732,3.1732
-4.2507,4.2507
-4.1983,4.1983
-4.5213,4.5213
-1.8163,1.8163
7.5971,7.5971
3.8822,3.8822
4.6431,4.6431
-4.8455,4.8455
3.4596,3.4596
1.8440,1.8440
6.9276,6.9276
-1.6944,1.6944
-2.6485,2.6485
6.9600,6.9600
3.4049,3.4049
2.7669,2.7669
4.3105,4.3105
-1.1500,1.1500
2.0284,2.0284
5.2691,5.2691
2.6080,2.6080
4.4799,4.4799
2.6343,2.6343
3.3087,3.3087
-4.0781,4.0781
-3.8954,3.8954
-7.1333,7.1333
8.0115,8.0115
8.8210,8.8210
-3.1610,3.1610
-1.4755,1.4755
-8.9114,8.9114
-5.6608,5.6608
6.1415,6.1415
-2.2758,2.2758
13.9365,13.9365
7.8357,7.8357
5.1321,5.1321
-3.6410,3.6410
2.5320,2.5320
1.4677,1.4677
-7.2514,7.2514
-5.7739,5.7739
-5.0028,5.0028
10.7237,10.7237
-1.4620,1.4620
-5.7536,5.7536
-2.7118,2.7118
4.2085,4.2085
-2.7174,2.7174
3.0684,3.0684
-3.6286,3.6286
3.3256,3.3256
4.4945,4.4945
6.5783,6.5783
0.0786,0.0786
0.9386,0.9386
2.2802,2.2802
-5.0612,5.0612
1.7752,1.7752
4.2905,4.2905
-3.0930,3.0930
-4.0152,4.0152
-6.7912,6.7912
-8.0603,8.0603
-3.0241,3.0241
-3.7354,3.7354
-1.4296,1.4296
-1.6152,1.6152
0.4332,0.4332
-7.0770,7.0770
5.7707,5.7707
1.3787,1.3787
-15.8170,15.8170
-9.2333,9.2333
3.1194,3.1194
0.1293,0.1293
-0.8318,0.8318
1.7664,1.7664
-5.2978,5.2978
-2.5755,2.5755
-4.8956,4.8956
-7.8573,7.8573
2.7836,2.7836
4.5071,4.5071
-11.8912,11.8912
-9.8336,9.8336
-5.2215,5.2215
7.1656,7.1656
1.2226,1.2226
8.0125,8.0125
1.5138,1.5138
7.3915,7.3915
0.4121,0.4121
-4.0792,4.0792
-2.4860,2.4860
5.5401,5.5401
-7.4408,7.4408
0.2431,0.2431
-3.9719,3.9719
-3.0721,3.0721
1.4536,1.4536
3.1815,3.1815
-1.5181,1.5181
3.8656,3.8656
-7.0512,7.0512
2.1520,2.1520
-5.8110,5.8110
-2.1941,2.1941
3.4230,3.4230
0.3606,0.3606
-0.9940,0.9940
-4.7452,4.7452
-0.5793,0.5793
2.8794,2.8794
4.6805,4.6805
3.2599,3.2599
-5.7008,5.7008
4.4628,4.4628
3.3960,3.3960
-1.5548,1.5548
1.7643,1.7643
-1.8696,1.8696
-4.3543,4.3543
0.3947,0.3947
-4.1274,4.1274
-4.7778,4.7778
5.0231,5.0231
-7.4013,7.4013
-4.8244,4.8244
6.6237,6.6237
12.3363,12.3363
7.5285,7.5285
-3.8905,3.8905
-2.3517,2.3517
-1.2730,1.2730
6.3157,6.3157
-2.7696,2.7696
5.2803,5.2803
1.3558,1.3558
2.3508,2.3508
-5.5825,5.5825
-1.2650,1.2650
-3.4715,3.4715
1.4045,1.4045
7.4100,7.4100
9.0454,9.0454
-0.7849,0.7849
-5.0611,5.0611
3.6172,3.6172
-1.3481,1.3481
9.6022,9.6022
-1.4533,1.4533
6.5924,6.5924
4.0094,4.0094
0.9330,0.9330
11.5674,11.5674
1.5168,1.5168
-1.5374,1.5374
-1.5703,1.5703
-5.2374,5.2374
-11.1089,11.1089
0.6987,0.6987
10.9980,10.9980
-0.5936,0.5936
5.5608,5.5608
2.5661,2.5661
6.6319,6.6319
6.4381,6.4381
-1.1586,1.1586
5.5159,5.5159
1.3776,1.3776
13.3105,13.3105
-7.0638,7.0638
-6.3251,6.3251
4.8056,4.8056
9.4422,9.4422
7.1950,7.1950
-7.4960,7.4960
0.7686,0.7686
12.9433,12.9433
-7.1994,7.1994
2.9514,2.9514
1.1155,1.1155
8.9869,8.9869
-5.8589,5.8589
0.4177,0.4177
1.8951,1.8951
-6.0886,6.0886
-3.1815,3.1815
-1.4026,1.4026
-1.1497,1.1497
6.3799,6.3799
12.3036,12.3036
4.6448,4.6448
-0.8161,0.8161
-1.2681,1.2681
-8.5451,8.5451
0.2471,0.2471
-5.9411,5.9411
13.0943,13.0943
4.0050,4.0050
1.8233,1.8233
0.8504,0.8504
3.5936,3.5936
1.1635,1.1635
-3.3068,3.3068
-4.4806,4.4806
-4.8773,4.8773
4.1156,4.1156
-5.5739,5.5739
-0.6316,0.6316
4.7518,4.7518
-3.6242,3.6242
-10.5170,10.5170
-7.6126,7.6126
0.5277,0.5277
-2.6095,2.6095
3.7546,3.7546
-10.1016,10.1016
0.1826,0.1826
1.4794,1.4794
4.1562,4.1562
-0.5009,0.5009
-1.2469,1.2469
-1.1298,1.1298
3.1272,3.1272
-6.3213,6.3213
-9.7203,9.7203
0.5163,0.5163
8.0673,8.0673
-1.7851,1.7851
-1.0284,1.0284
5.3940,5.3940
-2.3487,2.3487
8.5107,8.5107
-8.5785,8.5785
-6.2701,6.2701
0.5231,0.5231
-7.8453,7.8453
-1.2712,1.2712
11.6959,11.6959
-6.1821,6.1821
0.5994,0.5994
-1.9102,1.9102
4.8794,4.8794
-9.9846,9.9846
2.7436,2.7436
-6.2613,6.2613
-4.7620,4.7620
-7.3939,7.3939
-6.6126,6.6126
6.3295,6.3295
5.2320,5.2320
-1.7743,1.7743
-0.0429,0.0429
5.8135,5.8135
-0.3977,0.3977
-3.5766,3.5766
7.8980,7.8980
2.0655,2.0655
-3.2792,3.2792
0.8931,0.8931
-3.5324,3.5324
-8.2110,8.2110
4.7482,4.7482
6.6762,6.6762
2.6131,2.6131
1.2922,1.2922
0.6766,0.6766
-10.2573,10.2573
-2.7285,2.7285
2.0888,2.0888
5.2931,5.2931
-3.9622,3.9622
-5.2962,5.2962
-1.3494,1.3494
-0.2137,0.2137
3.5330,3.5330
1.6194,1.6194
-2.8252,2.8252
4.5037,4.5037
-2.7711,2.7711
-7.7177,7.7177
0.6441,0.6441
12.7274,12.7274
-5.3364,5.3364
2.5668,2.5668
0.7171,0.7171
1.6661,1.6661
0.7129,0.7129
-5.2360,5.2360
-4.3982,4.3982
-2.3447,2.3447
4.4147,4.4147
2.7788,2.7788
1.3069,1.3069
3.6686,3.6686
-4.9980,4.9980
4.1250,4.1250
6.4473,6.4473
-6.5866,6.5866
-2.3364,2.3364
1.0851,1.0851
-2.3851,2.3851
-5.8057,5.8057
10.9612,10.9612
-2.7547,2.7547
5.2981,5.2981
-3.5507,3.5507
-0.2163,0.2163
-0.6544,0.6544
-0.5360,0.5360
-0.1441,0.1441
-7.7238,7.7238
-4.0703,4.0703
2.5366,2.5366
-7.7919,7.7919
2.8982,2.8982
2.5838,2.5838
3.1369,3.1369
8.6890,8.6890
5.5855,5.5855
-5.4497,5.4497
-0.8141,0.8141
0.5877,0.5877
-4.9495,4.9495
-10.6021,10.6021
-8.5349,8.5349
-8.3498,8.3498
-8.6012,8.6012
-6.2328,6.2328
-8.1408,8.1408
-7.5137,7.5137
2.7390,2.7390
1.1893,1.1893
4.4516,4.4516
3.1800,3.1800
1.0712,1.0712
-7.8567,7.8567
-1.0930,1.0930
1.8582,1.8582
-1.5696,1.5696
1.5981,1.5981
9.8982,9.8982
0.4887,0.4887
-10.3040,10.3040
-10.6247,10.6247
-2.2359,2.2359
-3.2880,3.2880
4.6268,4.6268
-8.5912,8.5912
-8.0900,8.0900
3.5126,3.5126
2.4816,2.4816
3.1840,3.1840
0.1084,0.1084
6.4301,6.4301
0.4672,0.4672
-1.9216,1.9216
-3.0115,3.0115
2.4261,2.4261
-2.2593,2.2593
-5.0081,5.0081
6.2096,6.2096
-6.9905,6.9905
0.0947,0.0947
0.4593,0.4593
-2.6755,2.6755
-5.1519,5.1519
2.8846,2.8846
1.0135,1.0135
-1.5311,1.5311
-5.1783,5.1783
-0.5796,0.5796
6.4766,6.4766
-7.8720,7.8720
-4.4168,4.4168
7.7056,7.7056
3.9607,3.9607
5.4917,5.4917
-0.3379,0.3379
-0.5622,0.5622
3.5281,3.5281
-12.2219,12.2219
7.0457,7.0457
-4.9796,4.9796
5.0635,5.0635
-2.0611,2.0611
7.1583,7.1583
-1.2405,1.2405
-4.9286,4.9286
4.6354,4.6354
5.1762,5.1762
-3.1090,3.1090
-4.2199,4.2199
-0.7072,0.7072
-2.6724,2.6724
0.6120,0.6120
8.0953,8.0953
8.8649,8.8649
6.2496,6.2496
3.1535,3.1535
-11.9189,11.9189
10.5829,10.5829
-3.4934,3.4934
-5.1994,5.1994
-0.2176,0.2176
-5.6922,5.6922
1.3751,1.3751
-5.8559,5.8559
3.7391,3.7391
13.1396,13.1396
-4.3190,4.3190
0.0127,0.0127
-0.8105,0.8105
3.8932,3.8932
-4.7490,4.7490
1.6466,1.6466
-8.4422,8.4422
7.0334,7.0334
-4.6334,4.6334
8.8082,8.8082
3.2585,3.2585
2.4367,2.4367
6.9402,6.9402
1.1505,1.1505
-3.9005,3.9005
-4.8714,4.8714
-1.2397,1.2397
-3.4740,3.4740
-5.1140,5.1140
-6.4078,6.4078
6.0500,6.0500
-10.7832,10.7832
6.1668,6.1668
-0.6618,0.6618
6.9422,6.9422
0.6247,0.6247
-2.1182,2.1182
10.2360,10.2360
8.1574,8.1574
-7.2639,7.2639
-3.4877,3.4877
-1.6134,1.6134
3.1082,3.1082
-5.1863,5.1863
0.5671,0.5671
-6.9731,6.9731
2.9457,2.9457
-4.2279,4.2279
2.0041,2.0041
-9.1048,9.1048
-1.9040,1.9040
1.3000,1.3000
6.8993,6.8993
7.0450,7.0450
-11.0242,11.0242
-4.0613,4.0613
-6.1910,6.1910
-3.7449,3.7449
2.7411,2.7411
3.3132,3.3132
2.7562,2.7562
-2.9721,2.9721
-1.6319,1.6319
2.1459,2.1459
1.0606,1.0606
2.5909,2.5909
-3.8673,3.8673
-7.4982,7.4982
2.0039,2.0039
-1.1326,1.1326
4.5336,4.5336
9.5712,9.5712
-4.9149,4.9149
-0.3647,0.3647
-2.9644,2.9644
-5.9918,5.9918
1.0029,1.0029
-7.3924,7.3924
-5.3874,5.3874
-0.5113,0.5113
-4.6223,4.6223
3.7195,3.7195
4.3372,4.3372
-4.6754,4.6754
0.5789,0.5789
-8.4312,8.4312
4.8021,4.8021
-4.0257,4.0257
-12.1299,12.1299
-5.5972,5.5972
0.0644,0.0644
-3.2329,3.2329
3.5305,3.5305
-0.8015,0.8015
8.3290,8.3290
-4.5620,4.5620
-5.1257,5.1257
10.1454,10.1454
2.4837,2.4837
-6.2284,6.2284
-4.9998,4.9998
0.2726,0.2726
-4.6725,4.6725
2.3101,2.3101
-9.8026,9.8026
3.0226,3.0226
0.4069,0.4069
6.4786,6.4786
-3.6188,3.6188
3.7163,3.7163
-5.5554,5.5554
-12.0700,12.0700
-3.3573,3.3573
-1.0354,1.0354
1.4446,1.4446
1.8714,1.8714
3.5856,3.5856
-4.4323,4.4323
3.0377,3.0377
-8.2334,8.2334
10.8634,10.8634
-2.4315,2.4315
10.0240,10.0240
-1.9147,1.9147
-3.5366,3.5366
-4.6058,4.6058
-1.7992,1.7992
7.5936,7.5936
5.3813,5.3813
-0.2523,0.2523
9.3645,9.3645
8.7832,8.7832
-1.7820,1.7820
-2.7892,2.7892
-5.4830,5.4830
-2.3702,2.3702
2.3153,2.3153
-1.7423,1.7423
-0.9021,0.9021
0.6249,0.6249
-5.5875,5.5875
3.5033,3.5033
-1.2714,1.2714
-0.5326,0.5326
-8.7966,8.7966
-2.5225,2.5225
0.5640,0.5640
-5.4956,5.4956
-3.0944,3.0944
3.5526,3.5526
-2.3391,2.3391
17.3393,17.3393
-0.3804,0.3804
5.2351,5.2351
0.0607,0.0607
-5.9536,5.9536
-17.4079,17.4079
-3.0698,3.0698
8.0901,8.0901
8.8878,8.8878
3.5987,3.5987
-6.2339,6.2339
-0.1134,0.1134
-1.1523,1.1523
-3.0369,3.0369
4.1584,4.1584
3.6063,3.6063
2.0376,2.0376
1.0731,1.0731
-0.5551,0.5551
-7.6847,7.6847
-10.8385,10.8385
-3.5696,3.5696
-1.0077,1.0077
-1.5005,1.5005
-3.5125,3.5125
-3.3935,3.3935
-3.0758,3.0758
4.8598,4.8598
-5.3447,5.3447
2.7868,2.7868
3.5367,3.5367
5.0439,5.0439
7.9950,7.9950
-3.7520,3.7520
-5.5059,5.5059
0.6002,0.6002
5.9818,5.9818
-0.2499,0.2499
-7.2458,7.2458
1.3170,1.3170
1.5489,1.5489
4.1639,4.1639
4.2786,4.2786
1.5588,1.5588
-0.7797,0.7797
-3.0736,3.0736
4.5985,4.5985
-2.1248,2.1248
-6.9472,6.9472
0.7477,0.7477
9.0831,9.0831
6.4563,6.4563
7.8412,7.8412
1.2678,1.2678
-0.8944,0.8944
-3.5825,3.5825
-2.3875,2.3875
-3.1344,3.1344
0.8595,0.8595
-4.1661,4.1661
2.1164,2.1164
16.8005,16.8005
-8.4939,8.4939
3.5386,3.5386
11.9933,11.9933
8.2302,8.2302
0.7625,0.7625
0.1864,0.1864
-2.6968,2.6968
-12.1088,12.1088
-8.5011,8.5011
-0.7567,0.7567
-0.8973,0.8973
-2.0114,2.0114
5.6757,5.6757
3.4753,3.4753
4.6757,4.6757
13.9681,13.9681
-3.4843,3.4843
3.4471,3.4471
10.5230,10.5230
2.5510,2.5510
-0.1369,0.1369
1.7672,1.7672
-4.5295,4.5295
4.1269,4.1269
0.1826,0.1826
-5.5685,5.5685
0.4672,0.4672
-1.7715,1.7715
7.6347,7.6347
-3.3412,3.3412
-0.9799,0.9799
3.2134,3.2134
9.2508,9.2508
0.0990,0.0990
-4.4425,4.4425
-1.4724,1.4724
4.3244,4.3244
3.4850,3.4850
1.2403,1.2403
6.3276,6.3276
-1.9295,1.9295
3.9419,3.9419
8.0376,8.0376
-5.7662,5.7662
2.2336,2.2336
0.3492,0.3492
-1.5504,1.5504
-2.6909,2.6909
3.0281,3.0281
3.8957,3.8957
-1.6050,1.6050
4.3950,4.3950
3.4603,3.4603
3.3455,3.3455
-9.1328,9.1328
2.4969,2.4969
4.8206,4.8206
-0.6215,0.6215
6.7883,6.7883
2.3448,2.3448
5.1737,5.1737
6.5327,6.5327
3.6765,3.6765
3.9975,3.9975
5.2474,5.2474
0.0230,0.0230
-5.5559,5.5559
-1.9158,1.9158
4.7287,4.7287
-0.5115,0.5115
4.7538,4.7538
-6.0477,6.0477
-2.9371,2.9371
-0.5134,0.5134
-10.5585,10.5585
2.5183,2.5183
-11.2754,11.2754
-5.5118,5.5118
1.7291,1.7291
-2.0284,2.0284
-4.1644,4.1644
-4.8078,4.8078
-3.6399,3.6399
-10.1368,10.1368
2.0460,2.0460
-2.5334,2.5334
3.7595,3.7595
-4.6688,4.6688
5.8083,5.8083
0.5498,0.5498
1.5492,1.5492
-4.1879,4.1879
-1.1714,1.1714
0.3178,0.3178
-5.6297,5.6297
2.6589,2.6589
4.6856,4.6856
-6.4122,6.4122
-2.3877,2.3877
1.8015,1.8015
3.5122,3.5122
-7.4585,7.4585
-5.2090,5.2090
-7.5116,7.5116
1.4503,1.4503
-1.5292,1.5292
1.0447,1.0447
-5.4994,5.4994
-11.3602,11.3602
-6.1565,6.1565
4.7355,4.7355
5.0935,5.0935
-4.4327,4.4327
-4.1130,4.1130
2.3436,2.3436
-1.9977,1.9977
-2.2995,2.2995
-1.6144,1.6144
-0.9409,0.9409
1.7672,1.7672
0.4667,0.4667
2.2109,2.2109
-4.6473,4.6473
4.2486,4.2486
-7.3771,7.3771
-4.0360,4.0360
-6.7586,6.7586
10.3865,10.3865
5.7873,5.7873
-3.8668,3.8668
7.2732,7.2732
7.1181,7.1181
0.2696,0.2696
8.2367,8.2367
2.3936,2.3936
-0.4668,0.4668
-8.7723,8.7723
2.8685,2.8685
0.0740,0.0740
11.7704,11.7704
3.9098,3.9098
2.6758,2.6758
-2.0476,2.0476
-7.2874,7.2874
3.3535,3.3535
-9.8440,9.8440
-5.9200,5.9200
2.1159,2.1159
-0.7266,0.7266
-5.6993,5.6993
-3.2087,3.2087
2.1486,2.1486
-0.4678,0.4678
-9.6168,9.6168
1.6342,1.6342
1.2184,1.2184
5.2255,5.2255
-7.4865,7.4865
4.6425,4.6425
-1.0188,1.0188
4.1392,4.1392
-2.1809,2.1809
-4.2091,4.2091
-0.9844,0.9844
1.0459,1.0459
0.4689,0.4689
13.0860,13.0860
6.5352,6.5352
-13.4195,13.4195
9.7415,9.7415
1.6043,1.6043
-0.2346,0.2346
16.0817,16.0817
5.2308,5.2308
-3.3018,3.3018
6.7841,6.7841
1.0047,1.0047
-0.8429,0.8429
-1.2256,1.2256
-0.8636,0.8636
-2.0569,2.0569
2.3131,2.3131
-8.8832,8.8832
0.2067,0.2067
6.8930,6.8930
-8.4319,8.4319
-5.0262,5.0262
-1.3739,1.3739
-14.2577,14.2577
2.5743,2.5743
-3.8932,3.8932
11.8951,11.8951
-4.1280,4.1280
7.4116,7.4116
5.4132,5.4132
-4.8973,4.8973
2.9663,2.9663
2.6645,2.6645
10.2550,10.2550
3.6638,3.6638
4.7038,4.7038
-7.0585,7.0585
5.2787,5.2787
-0.6220,0.6220
-11.4817,11.4817
-2.1011,2.1011
-4.9259,4.9259
-2.3288,2.3288
9.8534,9.8534
0.0381,0.0381
-6.1870,6.1870
-0.7348,0.7348
1.3241,1.3241
5.2451,5.2451
7.5975,7.5975
-2.3479,2.3479
-1.8812,1.8812
2.6428,2.6428
-4.8270,4.8270
-2.3166,2.3166
-7.9433,7.9433
-2.7174,2.7174
1.7185,1.7185
0.0553,0.0553
-2.3338,2.3338
7.4001,7.4001
2.1684,2.1684
3.9575,3.9575
2.1105,2.1105
-2.0152,2.0152
1.3288,1.3288
-2.0950,2.0950
-0.0376,0.0376
-7.0661,7.0661
-1.2770,1.2770
-3.1085,3.1085
-3.1885,3.1885
-5.0857,5.0857
0.3578,0.3578
1.0821,1.0821
-6.4217,6.4217
6.7384,6.7384
1.1567,1.1567
-6.6307,6.6307
-1.6555,1.6555
-3.3205,3.3205
0.5366,0.5366
-5.4941,5.4941
4.3051,4.3051
-2.6657,2.6657
-1.1761,1.1761
-0.2130,0.2130
3.9641,3.9641
-7.7954,7.7954
-2.6107,2.6107
-1.0957,1.0957
0.0862,0.0862
-4.0086,4.0086
0.8981,0.8981
-1.0656,1.0656
0.6965,0.6965
-1.8716,1.8716
-3.1605,3.1605
-12.8062,12.8062
-0.3904,0.3904
-3.1090,3.1090
-0.7675,0.7675
5.3038,5.3038
-3.8293,3.8293
-1.5810,1.5810
-3.3439,3.3439
-1.1080,1.1080
5.2562,5.2562
3.3096,3.3096
-3.4797,3.4797
5.2386,5.2386
7.6798,7.6798
-0.5359,0.5359
-1.9615,1.9615
-2.4154,2.4154
-7.6693,7.6693
-6.2905,6.2905
15.0633,15.0633
-13.9964,13.9964
-0.7900,0.7900
0.6409,0.6409
1.9651,1.9651
8.9567,8.9567
-3.1745,3.1745
8.6728,8.6728
4.0986,4.0986
-0.2068,0.2068
3.8900,3.8900
1.0507,1.0507
2.9435,2.9435
-2.4033,2.4033
2.8038,2.8038
-1.3789,1.3789
5.5691,5.5691
0.0228,0.0228
-1.4965,1.4965
4.8159,4.8159
1.9945,1.9945
13.0717,13.0717
-0.0394,0.0394
-4.1381,4.1381
-2.8901,2.8901
-2.7936,2.7936
-2.6216,2.6216
-7.8601,7.8601
-3.9047,3.9047
0.9972,0.9972
-1.9807,1.9807
-1.5040,1.5040
-3.2000,3.2000
1.0581,1.0581
1.2139,1.2139
-4.6107,4.6107
0.4739,0.4739
3.9196,3.9196
-5.1079,5.1079
-13.3603,13.3603
-0.2109,0.2109
1.6052,1.6052
2.3760,2.3760
3.1306,3.1306
13.3675,13.3675
2.9435,2.9435
-1.7764,1.7764
2.3593,2.3593
-1.0189,1.0189
2.4899,2.4899
-3.0515,3.0515
-2.7175,2.7175
4.3793,4.3793
5.4353,5.4353
-4.6485,4.6485
-3.5982,3.5982
-3.8092,3.8092
-5.9515,5.9515
2.2332,2.2332
0.2398,0.2398
-1.3930,1.3930
-6.2599,6.2599
1.2183,1.2183
-7.1758,7.1758
-1.9364,1.9364
-4.0922,4.0922
-7.5166,7.5166
3.8991,3.8991
5.9681,5.9681
2.9015,2.9015
-2.8464,2.8464
-9.9333,9.9333
-2.0454,2.0454
3.4846,3.4846
-6.7449,6.7449
-2.9432,2.9432
-9.3796,9.3796
-6.6022,6.6022
-4.1774,4.1774
5.6592,5.6592
-1.4399,1.4399
6.1319,6.1319
-8.9862,8.9862
9.3033,9.3033
-1.5947,1.5947
-0.0912,0.0912
-8.8928,8.8928
-2.5886,2.5886
1.3765,1.3765
7.3997,7.3997
2.0848,2.0848
2.6453,2.6453
9.6350,9.6350
-7.6955,7.6955
5.7675,5.7675
-2.0356,2.0356
1.1362,1.1362
-1.9891,1.9891
5.5947,5.5947
-1.7243,1.7243
1.6853,1.6853
-0.8799,0.8799
-5.8141,5.8141
1.7868,1.7868
6.2594,6.2594
5.2727,5.2727
5.1806,5.1806
15.1840,15.1840
3.5246,3.5246
0.8674,0.8674
-9.5676,9.5676
1.8332,1.8332
3.6711,3.6711
1.6969,1.6969
-5.7231,5.7231
1.8032,1.8032
0.9249,0.9249
-3.5050,3.5050
0.2564,0.2564
1.8103,1.8103
-5.3008,5.3008
-2.9155,2.9155
0.6315,0.6315
0.5582,0.5582
-7.0049,7.0049
-6.7090,6.7090
1.3324,1.3324
-2.2588,2.2588
-0.9984,0.9984
2.2189,2.2189
4.8564,4.8564
-2.3694,2.3694
-13.9882,13.9882
6.7212,6.7212
-0.6643,0.6643
-2.2943,2.2943
-4.5492,4.5492
-1.9945,1.9945
1.0773,1.0773
-3.8208,3.8208
-7.2700,7.2700
-7.6672,7.6672
-9.6463,9.6463
4.5850,4.5850
3.7730,3.7730
-0.8789,0.8789
4.3804,4.3804
-9.0272,9.0272
0.7738,0.7738
3.5666,3.5666
-2.9842,2.9842
3.3638,3.3638
-1.8720,1.8720
1.6525,1.6525
-9.2053,9.2053
-6.5726,6.5726
3.7864,3.7864
-2.6475,2.6475
3.4618,3.4618
0.6681,0.6681
6.0533,6.0533
10.2874,10.2874
10.5441,10.5441
1.2640,1.2640
1.8247,1.8247
0.3385,0.3385
1.9754,1.9754
-1.7170,1.7170
-1.1510,1.1510
6.3839,6.3839
4.0862,4.0862
5.0073,5.0073
-0.8774,0.8774
-10.3033,10.3033
-1.2343,1.2343
1.8522,1.8522
-2.6211,2.6211
2.0950,2.0950
5.4816,5.4816
1.4865,1.4865
-6.6137,6.6137
-13.2867,13.2867
-13.6722,13.6722
11.4046,11.4046
-4.4345,4.4345
0.0774,0.0774
-3.6704,3.6704
2.9586,2.9586
0.9455,0.9455
2.5781,2.5781
-1.7436,1.7436
8.8093,8.8093
0.8802,0.8802
4.8177,4.8177
1.2027,1.2027
-10.7738,10.7738
-9.6350,9.6350
-5.6868,5.6868
-1.2622,1.2622
-2.8056,2.8056
4.7662,4.7662
2.1672,2.1672
1.5558,1.5558
-5.8126,5.8126
-4.9269,4.9269
-13.1373,13.1373
4.7534,4.7534
-3.8085,3.8085
7.6084,7.6084
-16.8383,16.8383
4.1741,4.1741
-11.0786,11.0786
0.9211,0.9211
2.9585,2.9585
5.5055,5.5055
5.0559,5.0559
4.6261,4.6261
5.7992,5.7992
4.4558,4.4558
7.8183,7.8183
1.5485,1.5485
-2.6477,2.6477
-2.1076,2.1076
-4.6674,4.6674
-4.8224,4.8224
1.3662,1.3662
-5.8754,5.8754
-0.2020,0.2020
-4.4760,4.4760
2.2404,2.2404
-1.9987,1.9987
3.4688,3.4688
-4.8640,4.8640
1.3492,1.3492
-3.5092,3.5092
-7.3060,7.3060
5.5818,5.5818
6.4176,6.4176
5.6220,5.6220
5.5480,5.5480
0.2561,0.2561
2.1874,2.1874
12.3748,12.3748
3.6561,3.6561
-4.1842,4.1842
0.2607,0.2607
-10.8774,10.8774
-1.5922,1.5922
3.1170,3.1170
-9.9385,9.9385
1.6593,1.6593
7.1659,7.1659
6.6571,6.6571
-1.5687,1.5687
-11.2630,11.2630
3.9596,3.9596
-3.1679,3.1679
2.1160,2.1160
0.0660,0.0660
-3.4856,3.4856
6.9752,6.9752
-5.2632,5.2632
-1.0472,1.0472
7.3126,7.3126
-3.1013,3.1013
0.3671,0.3671
-1.1661,1.1661
-0.0766,0.0766
-6.3341,6.3341
2.0348,2.0348
9.3664,9.3664
-5.3363,5.3363
-2.7688,2.7688
-0.0163,0.0163
3.4817,3.4817
-8.4292,8.4292
-1.6765,1.6765
-8.1859,8.1859
-3.1974,3.1974
-0.2504,0.2504
6.7582,6.7582
5.6348,5.6348
-7.3718,7.3718
-6.1547,6.1547
-5.7501,5.7501
3.3005,3.3005
-7.7204,7.7204
-3.3754,3.3754
2.0415,2.0415
-4.7515,4.7515
6.8114,6.8114
-0.7264,0.7264
-2.5922,2.5922
4.4927,4.4927
-0.7866,0.7866
-0.0616,0.0616
10.7863,10.7863
8.5711,8.5711
-0.4985,0.4985
-6.8314,6.8314
-2.7768,2.7768
-0.0274,0.0274
-2.8052,2.8052
-2.4582,2.4582
3.7231,3.7231
0.8425,0.8425
-3.0887,3.0887
11.0074,11.0074
7.6315,7.6315
4.7554,4.7554
1.2304,1.2304
0.2212,0.2212
-1.3830,1.3830
-0.0811,0.0811
-1.2454,1.2454
-4.0550,4.0550
-2.3958,2.3958
4.5045,4.5045
-3.7317,3.7317
-2.3222,2.3222
-1.1877,1.1877
2.0509,2.0509
-5.7327,5.7327
0.3318,0.3318
8.3083,8.3083
-1.5841,1.5841
2.3888,2.3888
3.5697,3.5697
-5.5667,5.5667
1.3254,1.3254
5.3707,5.3707
-2.6017,2.6017
-2.0986,2.0986
2.9523,2.9523
-0.3672,0.3672
15.1864,15.1864
-3.9429,3.9429
-11.3040,11.3040
-16.0432,16.0432
0.3533,0.3533
-0.0360,0.0360
-5.4577,5.4577
-3.7789,3.7789
-2.9564,2.9564
6.8175,6.8175
1.1743,1.1743
-0.5119,0.5119
7.5150,7.5150
4.2658,4.2658
0.1890,0.1890
1.7859,1.7859
0.7503,0.7503
-11.2685,11.2685
-2.7530,2.7530
-4.7448,4.7448
-0.3736,0.3736
-1.5053,1.5053
-4.9918,4.9918
0.5653,0.5653
7.3554,7.3554
-2.0665,2.0665
-2.8949,2.8949
-4.0332,4.0332
2.0007,2.0007
4.5132,4.5132
1.6518,1.6518
-10.8940,10.8940
4.2688,4.2688
9.0812,9.0812
0.5754,0.5754
-2.1377,2.1377
0.2980,0.2980
-17.0966,17.0966
1.2047,1.2047
4.4226,4.4226
5.3499,5.3499
-2.6611,2.6611
5.8361,5.8361
3.3495,3.3495
3.9023,3.9023
2.5368,2.5368
4.7164,4.7164
-2.3813,2.3813
5.0711,5.0711
-3.1845,3.1845
0.1894,0.1894
-0.1753,0.1753
-0.7964,0.7964
-6.1227,6.1227
-10.3827,10.3827
1.8419,1.8419
1.7062,1.7062
-0.2379,0.2379
-0.8852,0.8852
7.8823,7.8823
-11.2773,11.2773
0.1979,0.1979
-5.2086,5.2086
-4.6843,4.6843
-3.2937,3.2937
1.8995,1.8995
-2.4603,2.4603
1.8457,1.8457
4.5906,4.5906
5.3876,5.3876
9.4592,9.4592
1.5778,1.5778
-0.9455,0.9455
1.5783,1.5783
4.9929,4.9929
2.9483,2.9483
-4.5354,4.5354
-1.8340,1.8340
4.9074,4.9074
9.9435,9.9435
6.5899,6.5899
-9.5503,9.5503
4.6132,4.6132
6.7122,6.7122
-2.7518,2.7518
-7.0773,7.0773
-0.2896,0.2896
0.6555,0.6555
-3.5250,3.5250
-2.6844,2.6844
-9.2945,9.2945
-3.1210,3.1210
-8.1110,8.1110
0.6505,0.6505
1.1115,1.1115
-2.1574,2.1574
3.1391,3.1391
-9.3995,9.3995
1.5591,1.5591
-3.2359,3.2359
-6.3263,6.3263
1.0572,1.0572
11.4727,11.4727
3.7146,3.7146
-1.8128,1.8128
0.3650,0.3650
5.2647,5.2647
12.2533,12.2533
2.4439,2.4439
-5.8330,5.8330
5.0724,5.0724
6.2489,6.2489
0.8147,0.8147
4.9288,4.9288
3.6986,3.6986
-0.1505,0.1505
3.6249,3.6249
-6.4290,6.4290
2.4771,2.4771
-0.7937,0.7937
-3.3129,3.3129
8.5707,8.5707
5.5831,5.5831
5.9033,5.9033
-9.5179,9.5179
7.8363,7.8363
0.0918,0.0918
-4.3259,4.3259
1.5127,1.5127
2.5105,2.5105
-5.3687,5.3687
-0.2249,0.2249
0.9610,0.9610
9.1972,9.1972
-10.9051,10.9051
10.2152,10.2152
-2.4483,2.4483
-6.0219,6.0219
-8.8748,8.8748
-14.2954,14.2954
2.2258,2.2258
-2.7872,2.7872
-0.5320,0.5320
5.1067,5.1067
3.5368,3.5368
5.0415,5.0415
-6.9447,6.9447
-5.0206,5.0206
5.9116,5.9116
-3.9368,3.9368
-1.1301,1.1301
6.0570,6.0570
-1.2611,1.2611
-2.7202,2.7202
-9.3897,9.3897
-4.4179,4.4179
-1.0644,1.0644
0.0389,0.0389
-1.0970,1.0970
2.1691,2.1691
-5.1915,5.1915
-1.7717,1.7717
-7.1413,7.1413
8.3247,8.3247
-1.9741,1.9741
-3.8691,3.8691
4.3446,4.3446
-0.2201,0.2201
-1.1000,1.1000
-1.0102,1.0102
-1.5717,1.5717
-6.1165,6.1165
-3.6820,3.6820
4.5029,4.5029
4.3939,4.3939
-2.8634,2.8634
-1.5177,1.5177
-6.6427,6.6427
5.9875,5.9875
2.9678,2.9678
-6.4367,6.4367
-2.7735,2.7735
13.9378,13.9378
-9.6600,9.6600
9.6094,9.6094
2.9131,2.9131
-10.4101,10.4101
-10.9288,10.9288
-4.0828,4.0828
-7.1338,7.1338
9.0851,9.0851
-0.6846,0.6846
4.8657,4.8657
7.2317,7.2317
-4.7554,4.7554
-6.0390,6.0390
7.1845,7.1845
5.1383,5.1383
-8.2119,8.2119
2.3776,2.3776
0.7552,0.7552
-1.4548,1.4548
-5.8438,5.8438
-1.0463,1.0463
-4.9701,4.9701
4.8175,4.8175
-3.2161,3.2161
6.5441,6.5441
-3.4665,3.4665
2.3792,2.3792
0.4461,0.4461
-4.6780,4.6780
1.7438,1.7438
-4.2684,4.2684
3.5816,3.5816
3.4179,3.4179
-4.6254,4.6254
1.3969,1.3969
3.9365,3.9365
-2.4460,2.4460
6.8430,6.8430
2.8745,2.8745
-6.2947,6.2947
-0.5370,0.5370
2.0026,2.0026
-2.4588,2.4588
-2.9370,2.9370
2.5716,2.5716
-3.0824,3.0824
-0.2839,0.2839
-0.1292,0.1292
0.3236,0.3236
3.6620,3.6620
-6.1416,6.1416
-3.8590,3.8590
-11.2642,11.2642
4.9535,4.9535
-4.4406,4.4406
4.7225,4.7225
5.6647,5.6647
-4.7332,4.7332
-4.1104,4.1104
4.9555,4.9555
-5.9358,5.9358
16.1471,16.1471
2.4081,2.4081
4.3042,4.3042
2.0906,2.0906
6.7515,6.7515
-3.7209,3.7209
1.4476,1.4476
-3.0901,3.0901
-2.4280,2.4280
-2.0149,2.0149
-6.8516,6.8516
7.2047,7.2047
-3.4970,3.4970
-8.9943,8.9943
0.3714,0.3714
-6.7191,6.7191
-2.4615,2.4615
4.0062,4.0062
0.8530,0.8530
-5.4579,5.4579
-1.6159,1.6159
6.9305,6.9305
-3.6046,3.6046
5.7148,5.7148
-1.1594,1.1594
-5.9988,5.9988
-7.2746,7.2746
4.5049,4.5049
10.4843,10.4843
1.5046,1.5046
4.8728,4.8728
-4.7075,4.7075
2.7407,2.7407
0.2345,0.2345
3.2498,3.2498
-12.2739,12.2739
0.1665,0.1665
-5.1297,5.1297
10.4949,10.4949
12.4538,12.4538
-4.5771,4.5771
-2.7448,2.7448
-7.8677,7.8677
-6.9699,6.9699
3.2789,3.2789
8.9357,8.9357
1.7103,1.7103
0.8797,0.8797
-3.6064,3.6064
5.0032,5.0032
3.7315,3.7315
-4.4846,4.4846
-13.9421,13.9421
-1.3426,1.3426
1.3171,1.3171
-2.5231,2.5231
-4.7659,4.7659
-16.7375,16.7375
1.1691,1.1691
0.1081,0.1081
-0.2237,0.2237
-7.2091,7.2091
3.8196,3.8196
7.0244,7.0244
0.4923,0.4923
-8.8515,8.8515
1.1719,1.1719
3.0317,3.0317
-1.6234,1.6234
6.5852,6.5852
4.7519,4.7519
0.0621,0.0621
6.4295,6.4295
1.9070,1.9070
9.0776,9.0776
4.6641,4.6641
-3.6687,3.6687
2.8875,2.8875
-6.9861,6.9861
-4.9436,4.9436
2.8088,2.8088
-5.7981,5.7981
-2.7526,2.7526
10.1227,10.1227
-4.8832,4.8832
4.0125,4.0125
-0.0532,0.0532
-0.0574,0.0574
0.1050,0.1050
8.5142,8.5142
13.5383,13.5383
-1.6590,1.6590
-4.9460,4.9460
0.7089,0.7089
11.5302,11.5302
-3.9259,3.9259
6.5998,6.5998
0.7221,0.7221
11.3812,11.3812
-4.9211,4.9211
-3.5971,3.5971
2.7344,2.7344
4.2204,4.2204
7.2219,7.2219
-11.5222,11.5222
-8.2224,8.2224
0.4780,0.4780
-1.6024,1.6024
-1.8405,1.8405
-9.1710,9.1710
5.5146,5.5146
-5.2026,5.2026
4.5728,4.5728
2.8009,2.8009
-3.0066,3.0066
-0.5916,0.5916
4.0922,4.0922
6.1229,6.1229
3.9992,3.9992
-5.6103,5.6103
-11.1116,11.1116
-2.1308,2.1308
5.1760,5.1760
-6.8222,6.8222
3.4241,3.4241
-1.5108,1.5108
10.2859,10.2859
-0.0448,0.0448
-13.2562,13.2562
8.7664,8.7664
-0.1931,0.1931
-0.0085,0.0085
-0.7987,0.7987
-12.9528,12.9528
-5.0762,5.0762
-0.1077,0.1077
-7.4996,7.4996
-0.8751,0.8751
-0.4893,0.4893
-1.9777,1.9777
-4.4551,4.4551
10.4254,10.4254
2.4243,2.4243
-15.1791,15.1791
-4.6897,4.6897
-5.5961,5.5961
6.4825,6.4825
-8.5074,8.5074
-1.2797,1.2797
5.4580,5.4580
2.0607,2.0607
-3.3595,3.3595
7.9102,7.9102
5.5514,5.5514
-2.5066,2.5066
3.6963,3.6963
-2.1129,2.1129
3.1115,3.1115
-3.7103,3.7103
-2.9143,2.9143
12.4790,12.4790
-0.8443,0.8443
-5.3408,5.3408
14.5506,14.5506
-4.1944,4.1944
-0.2493,0.2493
-2.2790,2.2790
9.0154,9.0154
-4.2184,4.2184
6.6190,6.6190
-10.6852,10.6852
-6.2906,6.2906
1.2204,1.2204
-3.6133,3.6133
4.4025,4.4025
-3.8389,3.8389
3.0170,3.0170
5.9288,5.9288
-6.5821,6.5821
-0.0133,0.0133
4.0956,4.0956
8.5975,8.5975
-3.3239,3.3239
6.2274,6.2274
-2.2839,2.2839
-0.5750,0.5750
1.9636,1.9636
1.4218,1.4218
-0.7610,0.7610
0.4545,0.4545
3.3945,3.3945
3.1606,3.1606
-14.6114,14.6114
-6.0532,6.0532
-9.4649,9.4649
-7.2388,7.2388
5.9231,5.9231
-3.3346,3.3346
4.9075,4.9075
5.0803,5.0803
-7.3154,7.3154
1.3845,1.3845
4.6797,4.6797
-4.9285,4.9285
1.7588,1.7588
-3.1103,3.1103
0.2847,0.2847
-2.9870,2.9870
-9.1257,9.1257
2.8108,2.8108
-8.5582,8.5582
-0.5083,0.5083
0.7104,0.7104
-10.7771,10.7771
1.0216,1.0216
5.3566,5.3566
4.5554,4.5554
2.5942,2.5942
0.2643,0.2643
3.3879,3.3879
-9.5536,9.5536
-7.7513,7.7513
-5.1929,5.1929
-3.2093,3.2093
1.7092,1.7092
1.4511,1.4511
0.6476,0.6476
-0.7843,0.7843
-1.1026,1.1026
2.9534,2.9534
-2.0976,2.0976
-0.5835,0.5835
6.4099,6.4099
5.9545,5.9545
4.6865,4.6865
-9.0274,9.0274
-4.3209,4.3209
-0.1592,0.1592
1.6521,1.6521
1.1922,1.1922
5.9054,5.9054
4.9665,4.9665
-0.8758,0.8758
-5.9950,5.9950
2.4285,2.4285
5.9082,5.9082
1.9365,1.9365
-4.0607,4.0607
4.4733,4.4733
-0.3526,0.3526
0.4549,0.4549
6.0210,6.0210
-8.3121,8.3121
-3.1314,3.1314
-1.9379,1.9379
-10.2405,10.2405
6.1643,6.1643
5.7742,5.7742
2.9074,2.9074
14.0025,14.0025
-2.3694,2.3694
-4.5673,4.5673
2.2542,2.2542
-7.6542,7.6542
-0.7338,0.7338
-8.7661,8.7661
4.8712,4.8712
-11.1129,11.1129
-1.8387,1.8387
-3.5922,3.5922
9.4645,9.4645
-9.2767,9.2767
3.7939,3.7939
0.4252,0.4252
5.3109,5.3109
2.8990,2.8990
0.4286,0.4286
14.4392,14.4392
-6.6667,6.6667
5.3118,5.3118
6.1141,6.1141
7.4085,7.4085
-6.6585,6.6585
4.7854,4.7854
-5.1943,5.1943
5.8018,5.8018
-9.2704,9.2704
-1.9544,1.9544
0.9752,0.9752
-0.8422,0.8422
6.2427,6.2427
8.5535,8.5535
-5.7152,5.7152
11.0666,11.0666
7.0825,7.0825
-7.4715,7.4715
-8.3768,8.3768
5.7522,5.7522
-2.1583,2.1583
4.9761,4.9761
5.7037,5.7037
1.9788,1.9788
8.1224,8.1224
-5.6792,5.6792
-1.4149,1.4149
2.8506,2.8506
2.3748,2.3748
7.4663,7.4663
0.6596,0.6596
-9.3959,9.3959
4.7456,4.7456
-0.7264,0.7264
-3.0623,3.0623
0.3594,0.3594
7.3014,7.3014
-6.4916,6.4916
-9.1374,9.1374
9.9335,9.9335
3.6366,3.6366
-6.1971,6.1971
3.3661,3.3661
2.6862,2.6862
1.7260,1.7260
-9.3935,9.3935
-0.1155,0.1155
4.4144,4.4144
4.2395,4.2395
-3.9926,3.9926
1.3470,1.3470
1.3096,1.3096
-5.7284,5.7284
2.0771,2.0771
1.9883,1.9883
4.5381,4.5381
-0.2449,0.2449
2.6774,2.6774
5.1779,5.1779
3.0380,3.0380
10.3406,10.3406
3.2378,3.2378
3.3172,3.3172
6.3270,6.3270
0.8690,0.8690
-5.1770,5.1770
-2.2104,2.2104
-0.8477,0.8477
-8.6350,8.6350
1.7988,1.7988
-7.2603,7.2603
2.3575,2.3575
-0.2995,0.2995
5.3855,5.3855
0.9767,0.9767
10.4230,10.4230
3.3058,3.3058
-2.3703,2.3703
-4.4758,4.4758
-3.3072,3.3072
-12.4821,12.4821
-2.8787,2.8787
-2.5895,2.5895
-2.2055,2.2055
8.5205,8.5205
0.2750,0.2750
-3.5507,3.5507
-4.2104,4.2104
2.1827,2.1827
4.9117,4.9117
-2.7586,2.7586
2.9467,2.9467
-4.5334,4.5334
2.6108,2.6108
-9.8952,9.8952
1.2970,1.2970
0.3059,0.3059
4.5641,4.5641
5.3116,5.3116
-11.2726,11.2726
-7.0567,7.0567
-0.0313,0.0313
-4.2283,4.2283
-0.7562,0.7562
-2.0887,2.0887
7.2165,7.2165
0.2394,0.2394
3.7427,3.7427
1.3103,1.3103
-2.5399,2.5399
-4.6666,4.6666
-3.8659,3.8659
-2.7352,2.7352
2.4487,2.4487
0.1367,0.1367
-4.8681,4.8681
7.0295,7.0295
-5.2931,5.2931
3.2429,3.2429
6.6995,6.6995
5.7101,5.7101
4.1143,4.1143
5.3803,5.3803
-4.5300,4.5300
9.9085,9.9085
-0.1875,0.1875
-6.0348,6.0348
-4.3421,4.3421
0.2384,0.2384
-0.5879,0.5879
-8.0925,8.0925
0.8631,0.8631
6.4710,6.4710
-0.7932,0.7932
0.3251,0.3251
11.2805,11.2805
1.0461,1.0461
2.5965,2.5965
5.0314,5.0314
-0.4284,0.4284
5.1119,5.1119
-6.9652,6.9652
-0.4821,0.4821
-1.0105,1.0105
2.2548,2.2548
-0.4873,0.4873
-3.4471,3.4471
-3.5032,3.5032
9.7589,9.7589
-3.2949,3.2949
-0.7387,0.7387
-0.6048,0.6048
2.4455,2.4455
-3.4105,3.4105
2.5506,2.5506
-4.0082,4.0082
-9.6301,9.6301
-6.4054,6.4054
7.9746,7.9746
-1.9699,1.9699
0.7836,0.7836
1.7859,1.7859
-1.7872,1.7872
8.1951,8.1951
7.0999,7.0999
-2.4889,2.4889
-1.9879,1.9879
1.6048,1.6048
-1.5157,1.5157
-1.2340,1.2340
3.1315,3.1315
4.6442,4.6442
-3.6850,3.6850
7.8611,7.8611
-0.8972,0.8972
-5.8099,5.8099
-4.0573,4.0573
-6.7030,6.7030
11.4897,11.4897
1.5233,1.5233
-5.9992,5.9992
-9.2014,9.2014
6.4989,6.4989
3.9108,3.9108
-0.3271,0.3271
-5.7986,5.7986
-5.6197,5.6197
1.2035,1.2035
-1.1591,1.1591
4.5188,4.5188
0.2359,0.2359
-3.8542,3.8542
0.2694,0.2694
6.8930,6.8930
-0.0693,0.0693
10.6530,10.6530
3.9924,3.9924
-7.6884,7.6884
-0.0385,0.0385
5.9456,5.9456
8.0982,8.0982
2.4941,2.4941
0.4326,0.4326
-11.1693,11.1693
-3.9754,3.9754
-0.9594,0.9594
-11.1069,11.1069
-0.1578,0.1578
-6.5308,6.5308
-4.9183,4.9183
-5.8198,5.8198
-15.0179,15.0179
1.0947,1.0947
-1.7828,1.7828
5.3222,5.3222
-4.2193,4.2193
0.3477,0.3477
9.2799,9.2799
-2.7245,2.7245
-4.2209,4.2209
3.6606,3.6606
-9.5149,9.5149
-1.0879,1.0879
5.7473,5.7473
-1.5667,1.5667
0.5777,0.5777
3.0332,3.0332
-9.5710,9.5710
2.5740,2.5740
-4.6767,4.6767
2.8833,2.8833
-0.9114,0.9114
1.1376,1.1376
-1.4853,1.4853
2.2253,2.2253
-7.9714,7.9714
0.9822,0.9822
7.0535,7.0535
-8.0950,8.0950
2.8300,2.8300
9.1538,9.1538
3.0743,3.0743
13.5134,13.5134
4.1753,4.1753
-1.4401,1.4401
-6.6814,6.6814
0.0621,0.0621
3.2494,3.2494
-1.0106,1.0106
-1.8168,1.8168
2.2245,2.2245
-15.3319,15.3319
1.7393,1.7393
1.4483,1.4483
0.2856,0.2856
-1.7563,1.7563
-8.7954,8.7954
-8.2645,8.2645
9.7953,9.7953
9.7323,9.7323
1.3686,1.3686
-1.8273,1.8273
-3.8665,3.8665
1.0291,1.0291
-2.5447,2.5447
-3.5060,3.5060
3.5639,3.5639
5.1203,5.1203
-2.9091,2.9091
-9.7877,9.7877
4.6609,4.6609
4.6265,4.6265
1.5471,1.5471
-3.2373,3.2373
-6.4229,6.4229
1.3922,1.3922
-2.2817,2.2817
-2.1325,2.1325
2.1257,2.1257
4.0741,4.0741
-8.6646,8.6646
-6.2764,6.2764
-6.6585,6.6585
-4.0302,4.0302
-4.7952,4.7952
4.1010,4.1010
-2.4948,2.4948
1.4910,1.4910
-7.3373,7.3373
-7.0188,7.0188
5.6900,5.6900
-5.1312,5.1312
4.7433,4.7433
-12.2534,12.2534
-7.8965,7.8965
-11.1162,11.1162
-6.4801,6.4801
-2.6570,2.6570
3.5067,3.5067
0.6129,0.6129
4.5363,4.5363
0.6223,0.6223
4.1089,4.1089
8.0418,8.0418
-11.5351,11.5351
-2.1720,2.1720
-8.0989,8.0989
12.0319,12.0319
1.3819,1.3819
3.1668,3.1668
1.6755,1.6755
-1.3771,1.3771
-1.2473,1.2473
-4.3656,4.3656
8.8077,8.8077
-7.7099,7.7099
-14.0143,14.0143
-5.7860,5.7860
-1.7888,1.7888
1.1998,1.1998
0.6771,0.6771
0.7104,0.7104
4.8311,4.8311
-2.1305,2.1305
-3.2875,3.2875
1.8027,1.8027
10.0624,10.0624
-4.5403,4.5403
6.5594,6.5594
6.6133,6.6133
7.8200,7.8200
3.8486,3.8486
-10.0916,10.0916
8.6991,8.6991
-2.0559,2.0559
3.3239,3.3239
1.3708,1.3708
0.1952,0.1952
-9.8026,9.8026
-1.4479,1.4479
5.5799,5.5799
7.7756,7.7756
1.3652,1.3652
-2.3119,2.3119
-8.3372,8.3372
2.4886,2.4886
9.3515,9.3515
0.4850,0.4850
0.8456,0.8456
-4.7815,4.7815
0.4751,0.4751
3.5653,3.5653
-2.7184,2.7184
-4.5092,4.5092
-8.7893,8.7893
0.9896,0.9896
-13.0273,13.0273
-2.1992,2.1992
2.6892,2.6892
-0.3880,0.3880
-0.8475,0.8475
-4.1501,4.1501
4.4374,4.4374
5.2969,5.2969
6.0306,6.0306
7.7241,7.7241
-7.8377,7.8377
2.1405,2.1405
3.8380,3.8380
-6.7860,6.7860
4.0206,4.0206
-11.0392,11.0392
-3.1838,3.1838
1.0647,1.0647
10.7987,10.7987
-3.5002,3.5002
4.6030,4.6030
-5.9832,5.9832
-8.9851,8.9851
-6.2068,6.2068
-0.9345,0.9345
8.2700,8.2700
-6.5652,6.5652
-3.2800,3.2800
1.0458,1.0458
4.7569,4.7569
3.5686,3.5686
3.5635,3.5635
3.2006,3.2006
3.2917,3.2917
2.3159,2.3159
7.1655,7.1655
-0.3834,0.3834
-1.9082,1.9082
-3.5737,3.5737
-1.4536,1.4536
3.7495,3.7495
-3.3979,3.3979
8.0703,8.0703
-4.1515,4.1515
5.2922,5.2922
-1.2295,1.2295
-6.3067,6.3067
3.3236,3.3236
5.9185,5.9185
-3.7151,3.7151
5.0434,5.0434
3.9573,3.9573
-5.7117,5.7117
-9.6692,9.6692
-7.0153,7.0153
-8.1368,8.1368
0.3633,0.3633
-0.9842,0.9842
-3.4941,3.4941
-2.5287,2.5287
13.4526,13.4526
2.7474,2.7474
-4.8261,4.8261
-6.0907,6.0907
-8.3633,8.3633
1.5587,1.5587
-0.9649,0.9649
4.8386,4.8386
-1.0262,1.0262
-4.2493,4.2493
-6.3957,6.3957
1.7626,1.7626
-1.5985,1.5985
2.5109,2.5109
9.3604,9.3604
0.5304,0.5304
0.4637,0.4637
-6.7362,6.7362
-7.1391,7.1391
4.8942,4.8942
-0.4338,0.4338
-3.8791,3.8791
-0.7707,0.7707
-3.0819,3.0819
-4.7817,4.7817
-1.7982,1.7982
8.4531,8.4531
9.8440,9.8440
-3.2689,3.2689
3.2274,3.2274
10.2562,10.2562
-2.2971,2.2971
2.4384,2.4384
-5.0912,5.0912
5.1157,5.1157
-3.4293,3.4293
2.6780,2.6780
6.6042,6.6042
-5.1863,5.1863
0.0360,0.0360
-0.1960,0.1960
-0.9497,0.9497
3.0561,3.0561
-1.9875,1.9875
5.6705,5.6705
4.2609,4.2609
9.5244,9.5244
-1.4376,1.4376
-13.5767,13.5767
-1.6650,1.6650
-6.5353,6.5353
-10.5714,10.5714
-2.2398,2.2398
2.1035,2.1035
2.6284,2.6284
-5.2502,5.2502
-1.8570,1.8570
-0.2715,0.2715
9.0714,9.0714
-1.4944,1.4944
4.5821,4.5821
1.0790,1.0790
-1.3792,1.3792
-6.9326,6.9326
-2.6945,2.6945
-1.7339,1.7339
2.8592,2.8592
-6.2635,6.2635
-8.4690,8.4690
1.5307,1.5307
-5.3233,5.3233
11.7169,11.7169
2.0047,2.0047
-5.3975,5.3975
3.4130,3.4130
-3.8162,3.8162
2.7001,2.7001
-2.4931,2.4931
2.8314,2.8314
3.3911,3.3911
-13.0692,13.0692
3.1349,3.1349
-7.0243,7.0243
1.8718,1.8718
4.7554,4.7554
2.9460,2.9460
8.5496,8.5496
3.1690,3.1690
-4.5697,4.5697
5.8788,5.8788
-0.8347,0.8347
5.8450,5.8450
4.6813,4.6813
4.2598,4.2598
-8.1382,8.1382
1.1602,1.1602
-3.6072,3.6072
-6.3540,6.3540
3.0751,3.0751
4.0600,4.0600
-7.9688,7.9688
-0.5910,0.5910
5.9782,5.9782
3.9495,3.9495
-7.1623,7.1623
-2.6355,2.6355
8.5056,8.5056
1.2178,1.2178
13.3927,13.3927
-8.6624,8.6624
3.3667,3.3667
8.2016,8.2016
0.9306,0.9306
8.7953,8.7953
-1.8577,1.8577
-6.4033,6.4033
10.3603,10.3603
-1.3400,1.3400
-7.3008,7.3008
9.6897,9.6897
-0.4921,0.4921
1.2575,1.2575
2.7808,2.7808
6.6512,6.6512
-2.7578,2.7578
0.0811,0.0811
-6.7902,6.7902
-3.7701,3.7701
-4.0630,4.0630
-3.4093,3.4093
3.7294,3.7294
12.2596,12.2596
7.0253,7.0253
-2.5180,2.5180
-6.3542,6.3542
6.2779,6.2779
-8.1681,8.1681
-8.8854,8.8854
1.0719,1.0719
-1.7000,1.7000
6.3747,6.3747
-1.2223,1.2223
2.6958,2.6958
-6.4873,6.4873
2.3135,2.3135
-4.2111,4.2111
-10.0919,10.0919
-0.6336,0.6336
-3.3657,3.3657
-1.0173,1.0173
2.5542,2.5542
-0.2364,0.2364
4.4415,4.4415
6.7216,6.7216
-13.6861,13.6861
5.4693,5.4693
4.0735,4.0735
-1.8029,1.8029
-1.4654,1.4654
-9.5141,9.5141
-1.6529,1.6529
-7.2087,7.2087
-4.1788,4.1788
5.5142,5.5142
5.0681,5.0681
-5.3268,5.3268
-4.5493,4.5493
2.6863,2.6863
0.0318,0.0318
-0.0254,0.0254
5.3689,5.3689
4.5198,4.5198
-2.7406,2.7406
5.2813,5.2813
2.4690,2.4690
-0.1275,0.1275
5.9686,5.9686
3.5076,3.5076
4.1712,4.1712
0.1485,0.1485
1.9751,1.9751
-3.2799,3.2799
-9.2784,9.2784
-0.0106,0.0106
-6.8703,6.8703
-10.1865,10.1865
2.1729,2.1729
-1.8719,1.8719
0.4272,0.4272
2.4421,2.4421
1.4597,1.4597
5.0543,5.0543
-0.7604,0.7604
1.8432,1.8432
-3.2596,3.2596
2.7667,2.7667
-2.6284,2.6284
-2.4105,2.4105
0.8784,0.8784
8.7980,8.7980
-4.0704,4.0704
4.5900,4.5900
-3.6950,3.6950
0.6010,0.6010
-10.6044,10.6044
4.5760,4.5760
5.8800,5.8800
6.3860,6.3860
-7.8562,7.8562
9.9475,9.9475
2.5767,2.5767
5.8120,5.8120
-0.2474,0.2474
-1.5694,1.5694
-1.9943,1.9943
-1.5918,1.5918
4.8423,4.8423
1.1951,1.1951
3.0334,3.0334
-5.7162,5.7162
-10.7253,10.7253
0.7793,0.7793
3.8723,3.8723
0.0100,0.0100
-0.1534,0.1534
-4.4087,4.4087
1.5565,1.5565
-2.8249,2.8249
-2.8773,2.8773
-2.7489,2.7489
4.0618,4.0618
9.3909,9.3909
-0.0969,0.0969
-5.6979,5.6979
8.0360,8.0360
4.4777,4.4777
2.4842,2.4842
-0.6700,0.6700
0.7868,0.7868
-4.9219,4.9219
-3.2538,3.2538
-3.8322,3.8322
10.2205,10.2205
0.9254,0.9254
0.9098,0.9098
6.0300,6.0300
-4.7334,4.7334
-0.3898,0.3898
-1.8791,1.8791
6.9243,6.9243
-1.4745,1.4745
4.2724,4.2724
2.1252,2.1252
0.6671,0.6671
-3.3425,3.3425
-0.3262,0.3262
7.1459,7.1459
-2.2730,2.2730
-6.3979,6.3979
8.8076,8.8076
-3.5648,3.5648
2.5331,2.5331
-6.4121,6.4121
6.3362,6.3362
0.3251,0.3251
-0.2534,0.2534
-5.4879,5.4879
8.4933,8.4933
-11.5870,11.5870
0.9922,0.9922
-4.3656,4.3656
-4.4952,4.4952
0.4757,0.4757
-1.3837,1.3837
-5.8107,5.8107
1.5285,1.5285
2.0237,2.0237
-0.7648,0.7648
0.2021,0.2021
-2.0246,2.0246
-11.3560,11.3560
11.8740,11.8740
-6.3500,6.3500
-1.0028,1.0028
5.2032,5.2032
-0.3441,0.3441
2.6507,2.6507
3.1886,3.1886
-1.3215,1.3215
5.9458,5.9458
-5.2864,5.2864
-2.1323,2.1323
-6.7760,6.7760
-7.9403,7.9403
8.0309,8.0309
4.6460,4.6460
-1.9567,1.9567
-1.3428,1.3428
-8.9792,8.9792
2.7017,2.7017
4.2890,4.2890
-1.0359,1.0359
3.8455,3.8455
5.4892,5.4892
-1.2041,1.2041
-6.9885,6.9885
-1.9271,1.9271
5.4555,5.4555
-4.5929,4.5929
-4.1940,4.1940
-0.3027,0.3027
0.7026,0.7026
-0.4065,0.4065
-0.1049,0.1049
3.2645,3.2645
3.6210,3.6210
-9.4276,9.4276
-7.5512,7.5512
-3.2068,3.2068
-6.3661,6.3661
-0.2005,0.2005
-11.5894,11.5894
-10.1489,10.1489
10.6417,10.6417
1.3208,1.3208
-1.7423,1.7423
-1.9904,1.9904
0.4735,0.4735
-7.1650,7.1650
3.2266,3.2266
1.2157,1.2157
-1.7831,1.7831
-4.1752,4.1752
2.1599,2.1599
7.4241,7.4241
4.0415,4.0415
-1.6900,1.6900
2.9730,2.9730
13.2268,13.2268
-1.1118,1.1118
3.8172,3.8172
-5.1515,5.1515
-15.6783,15.6783
0.2882,0.2882
-3.1961,3.1961
0.9086,0.9086
-0.3045,0.3045
0.9865,0.9865
0.3602,0.3602
2.2720,2.2720
0.4477,0.4477
-1.0807,1.0807
4.3964,4.3964
-0.3982,0.3982
-1.6072,1.6072
7.6691,7.6691
-15.2303,15.2303
-6.9859,6.9859
-1.7619,1.7619
4.1389,4.1389
2.0814,2.0814
7.9626,7.9626
4.2323,4.2323
-3.9774,3.9774
-1.0654,1.0654
5.1523,5.1523
2.7445,2.7445
7.0631,7.0631
8.9247,8.9247
7.6428,7.6428
-2.6465,2.6465
-4.6078,4.6078
7.3645,7.3645
4.0632,4.0632
-0.8180,0.8180
-2.8158,2.8158
-3.5775,3.5775
1.5852,1.5852
-0.5989,0.5989
-8.5298,8.5298
2.2664,2.2664
0.2821,0.2821
4.2189,4.2189
-3.7580,3.7580
5.9687,5.9687
-11.8927,11.8927
2.7845,2.7845
-5.6037,5.6037
-0.6594,0.6594
4.1089,4.1089
8.7379,8.7379
2.7220,2.7220
1.4613,1.4613
5.8079,5.8079
-5.0548,5.0548
-5.2874,5.2874
-6.6117,6.6117
10.2790,10.2790
5.2538,5.2538
4.5387,4.5387
1.6722,1.6722
0.6890,0.6890
-8.3223,8.3223
-0.1846,0.1846
1.5172,1.5172
-0.6671,0.6671
-0.6696,0.6696
-6.2537,6.2537
-6.1155,6.1155
-6.5541,6.5541
12.4760,12.4760
-9.5533,9.5533
0.5638,0.5638
-6.9079,6.9079
5.3743,5.3743
-7.6020,7.6020
7.3450,7.3450
-0.8106,0.8106
-6.7263,6.7263
-1.9522,1.9522
-4.2163,4.2163
2.7178,2.7178
-3.9166,3.9166
5.0448,5.0448
4.1044,4.1044
-4.9791,4.9791
6.4251,6.4251
3.8278,3.8278
-7.4222,7.4222
3.6715,3.6715
3.1818,3.1818
2.9317,2.9317
10.3599,10.3599
-4.7851,4.7851
-1.2646,1.2646
-0.3667,0.3667
0.0333,0.0333
-2.0124,2.0124
-5.1772,5.1772
-0.1895,0.1895
10.5048,10.5048
1.1227,1.1227
0.2582,0.2582
-2.3723,2.3723
-1.5541,1.5541
-0.2337,0.2337
-11.5284,11.5284
-1.1476,1.1476
-0.8126,0.8126
5.9499,5.9499
1.3600,1.3600
-14.8595,14.8595
-0.7475,0.7475
7.7284,7.7284
6.2942,6.2942
-7.7586,7.7586
3.0540,3.0540
-0.9045,0.9045
-4.4673,4.4673
-11.0236,11.0236
-4.1526,4.1526
-7.9530,7.9530
-3.0291,3.0291
-7.9654,7.9654
2.3659,2.3659
2.7615,2.7615
6.8262,6.8262
-8.2464,8.2464
-1.7058,1.7058
3.4500,3.4500
-10.7934,10.7934
-12.7558,12.7558
4.9108,4.9108
4.6309,4.6309
2.4094,2.4094
-0.6528,0.6528
-6.2850,6.2850
-7.5541,7.5541
-10.8289,10.8289
-5.0617,5.0617
2.0770,2.0770
-3.7584,3.7584
-1.6904,1.6904
-3.5853,3.5853
-2.9738,2.9738
-2.6599,2.6599
-13.1540,13.1540
4.9435,4.9435
-0.1923,0.1923
5.4297,5.4297
-3.1219,3.1219
-10.4678,10.4678
-3.4080,3.4080
2.9479,2.9479
1.5800,1.5800
1.6308,1.6308
-1.2928,1.2928
0.5864,0.5864
-7.5763,7.5763
0.3041,0.3041
-5.1656,5.1656
-0.3833,0.3833
2.9218,2.9218
11.3363,11.3363
0.6354,0.6354
4.4656,4.4656
-0.9707,0.9707
0.6669,0.6669
1.1150,1.1150
-0.1120,0.1120
-2.7901,2.7901
10.8559,10.8559
0.8916,0.8916
-6.4013,6.4013
-2.3918,2.3918
-2.1295,2.1295
8.5891,8.5891
5.5024,5.5024
-0.3456,0.3456
-2.4218,2.4218
-5.5971,5.5971
0.2759,0.2759
9.4825,9.4825
-2.4347,2.4347
2.7697,2.7697
-0.8609,0.8609
-3.0894,3.0894
4.7916,4.7916
1.0250,1.0250
4.2213,4.2213
6.9693,6.9693
6.1880,6.1880
-3.1266,3.1266
-11.4604,11.4604
0.0856,0.0856
-0.0522,0.0522
4.9165,4.9165
-1.2655,1.2655
-2.4536,2.4536
10.1721,10.1721
-1.1813,1.1813
3.4603,3.4603
8.6483,8.6483
5.3799,5.3799
6.1256,6.1256
4.2075,4.2075
-0.4807,0.4807
0.0002,0.0002
4.8211,4.8211
-7.2972,7.2972
4.9850,4.9850
2.9860,2.9860
2.3758,2.3758
-6.3991,6.3991
1.8184,1.8184
-13.1636,13.1636
-3.5649,3.5649
1.5616,1.5616
2.2054,2.2054
3.8624,3.8624
-3.4787,3.4787
-7.1389,7.1389
-5.9559,5.9559
5.1810,5.1810
0.4174,0.4174
1.4409,1.4409
-1.0029,1.0029
9.2938,9.2938
-9.3298,9.3298
-4.1337,4.1337
2.3128,2.3128
0.9779,0.9779
-6.1513,6.1513
-4.2479,4.2479
-6.0771,6.0771
-0.5222,0.5222
-4.8306,4.8306
2.1158,2.1158
-0.2467,0.2467
13.2960,13.2960
-0.9604,0.9604
3.2157,3.2157
-5.7426,5.7426
-6.0785,6.0785
3.3817,3.3817
0.5079,0.5079
-1.6037,1.6037
2.3276,2.3276
-4.2573,4.2573
-7.3822,7.3822
-2.0045,2.0045
-3.8948,3.8948
-7.5103,7.5103
7.7030,7.7030
5.1253,5.1253
-1.9565,1.9565
4.6042,4.6042
-4.3772,4.3772
-3.0762,3.0762
2.9216,2.9216
5.6803,5.6803
4.0484,4.0484
3.3154,3.3154
2.6939,2.6939
-5.9850,5.9850
-5.1902,5.1902
2.0446,2.0446
8.3208,8.3208
2.6984,2.6984
4.3712,4.3712
6.4105,6.4105
1.5977,1.5977
-2.8608,2.8608
3.0531,3.0531
0.7158,0.7158
5.6122,5.6122
-8.2651,8.2651
-2.0498,2.0498
3.6564,3.6564
-3.0605,3.0605
-3.6412,3.6412
2.6118,2.6118
6.2310,6.2310
2.5936,2.5936
2.6542,2.6542
5.4794,5.4794
-1.3003,1.3003
-2.9805,2.9805
-9.2094,9.2094
-5.9673,5.9673
-2.0216,2.0216
-6.8101,6.8101
-1.2485,1.2485
0.2867,0.2867
1.5725,1.5725
6.2500,6.2500
-0.6654,0.6654
-0.1480,0.1480
7.2827,7.2827
3.0270,3.0270
1.8364,1.8364
-12.5987,12.5987
6.6032,6.6032
-6.1913,6.1913
-5.0485,5.0485
-2.6237,2.6237
9.9645,9.9645
-2.6540,2.6540
6.2942,6.2942
-2.9923,2.9923
0.2389,0.2389
4.7270,4.7270
0.9350,0.9350
1.4345,1.4345
-9.7422,9.7422
-5.0442,5.0442
0.0876,0.0876
0.6603,0.6603
6.4789,6.4789
-2.2159,2.2159
2.4416,2.4416
0.2263,0.2263
-0.2350,0.2350
9.6986,9.6986
2.3361,2.3361
-2.5248,2.5248
-1.1528,1.1528
10.0801,10.0801
8.9986,8.9986
-0.8718,0.8718
6.7266,6.7266
-5.9573,5.9573
-2.6838,2.6838
1.2078,1.2078
-2.6151,2.6151
-12.4989,12.4989
3.2848,3.2848
8.4202,8.4202
0.0102,0.0102
4.9061,4.9061
7.6600,7.6600
0.2510,0.2510
-14.2309,14.2309
1.5082,1.5082
-7.7403,7.7403
-7.3014,7.3014
11.0143,11.0143
-0.6020,0.6020
2.0675,2.0675
4.3103,4.3103
-4.8722,4.8722
0.0442,0.0442
-1.4668,1.4668
0.5908,0.5908
-9.5919,9.5919
2.0442,2.0442
0.3973,0.3973
5.4866,5.4866
-2.9722,2.9722
-1.7877,1.7877
-1.1739,1.1739
-7.4028,7.4028
0.6613,0.6613
-12.6871,12.6871
10.5377,10.5377
-4.3652,4.3652
0.5675,0.5675
9.4338,9.4338
-4.0852,4.0852
-1.6518,1.6518
-4.7211,4.7211
0.4165,0.4165
2.3811,2.3811
1.0502,1.0502
1.8905,1.8905
-1.6327,1.6327
-1.8047,1.8047
-0.5420,0.5420
-6.1978,6.1978
3.6562,3.6562
-10.2572,10.2572
-0.4152,0.4152
9.6778,9.6778
2.3704,2.3704
2.0711,2.0711
-3.0079,3.0079
-4.0669,4.0669
5.1497,5.1497
-6.2238,6.2238
-1.2632,1.2632
-2.6172,2.6172
-6.7678,6.7678
-6.0056,6.0056
-3.7995,3.7995
9.8540,9.8540
-13.7797,13.7797
-0.2259,0.2259
-6.9653,6.9653
-7.0506,7.0506
7.4339,7.4339
-8.0147,8.0147
0.5472,0.5472
2.1047,2.1047
9.2211,9.2211
1.6874,1.6874
0.9250,0.9250
-2.3179,2.3179
6.7446,6.7446
1.5109,1.5109
1.8190,1.8190
0.6776,0.6776
-7.2166,7.2166
0.2519,0.2519
0.9671,0.9671
5.4736,5.4736
-2.5668,2.5668
-11.6557,11.6557
12.0966,12.0966
6.4637,6.4637
-6.8263,6.8263
-4.3925,4.3925
-0.8864,0.8864
-1.7998,1.7998
12.5887,12.5887
0.0764,0.0764
4.8321,4.8321
-0.5662,0.5662
-5.8507,5.8507
1.9352,1.9352
-7.7656,7.7656
5.3267,5.3267
2.4284,2.4284
-3.3380,3.3380
-12.2376,12.2376
-2.9332,2.9332
-0.0391,0.0391
0.2185,0.2185
-0.1804,0.1804
4.8521,4.8521
5.4036,5.4036
2.3670,2.3670
0.5192,0.5192
-1.7959,1.7959
3.3450,3.3450
-6.8903,6.8903
-0.0709,0.0709
14.8665,14.8665
0.1600,0.1600
-6.1169,6.1169
4.6719,4.6719
1.1946,1.1946
-1.5243,1.5243
1.6075,1.6075
2.6349,2.6349
-2.8148,2.8148
9.2455,9.2455
8.9768,8.9768
0.1142,0.1142
-2.6237,2.6237
2.0431,2.0431
1.4733,1.4733
-6.9081,6.9081
-5.4506,5.4506
1.2234,1.2234
-8.9834,8.9834
3.5631,3.5631
1.4431,1.4431
-4.1523,4.1523
7.1012,7.1012
2.4389,2.4389
-2.4874,2.4874
7.1971,7.1971
-1.3694,1.3694
6.1299,6.1299
8.5887,8.5887
5.0262,5.0262
5.1345,5.1345
1.9558,1.9558
-0.2578,0.2578
7.2920,7.2920
-1.5924,1.5924
1.6079,1.6079
-0.9043,0.9043
-1.1989,1.1989
1.8208,1.8208
2.5960,2.5960
-0.5427,0.5427
0.5437,0.5437
2.7956,2.7956
-12.5144,12.5144
-4.5047,4.5047
2.4424,2.4424
3.9157,3.9157
6.7413,6.7413
-10.2686,10.2686
9.0605,9.0605
-0.9676,0.9676
-3.6757,3.6757
-3.0171,3.0171
5.6437,5.6437
2.0942,2.0942
2.1616,2.1616
3.0216,3.0216
11.8687,11.8687
-2.8955,2.8955
4.2258,4.2258
12.6244,12.6244
-2.3947,2.3947
-7.7262,7.7262
-4.1741,4.1741
7.3462,7.3462
0.5270,0.5270
8.8848,8.8848
7.7745,7.7745
-5.7995,5.7995
-2.2848,2.2848
-5.4865,5.4865
-5.9819,5.9819
4.1110,4.1110
-6.4647,6.4647
-6.2012,6.2012
-1.6566,1.6566
-13.1159,13.1159
-3.3582,3.3582
2.0661,2.0661
5.8040,5.8040
-4.2825,4.2825
10.0111,10.0111
0.5184,0.5184
3.9261,3.9261
0.4122,0.4122
-2.8721,2.8721
-7.2704,7.2704
-0.2557,0.2557
-2.4395,2.4395
3.6631,3.6631
-4.9371,4.9371
1.7889,1.7889
13.5849,13.5849
-2.1362,2.1362
2.1955,2.1955
2.9977,2.9977
8.4641,8.4641
1.5852,1.5852
1.2721,1.2721
-5.3025,5.3025
11.5139,11.5139
-7.5347,7.5347
0.9194,0.9194
-3.7442,3.7442
1.8223,1.8223
6.9437,6.9437
-2.3454,2.3454
1.9898,1.9898
-5.2312,5.2312
5.4323,5.4323
4.0716,4.0716
-2.7315,2.7315
0.8363,0.8363
-2.5559,2.5559
-0.0133,0.0133
-1.1823,1.1823
1.9898,1.9898
-6.2806,6.2806
10.4330,10.4330
0.3304,0.3304
-5.0862,5.0862
2.9732,2.9732
-0.7312,0.7312
-5.2161,5.2161
4.9369,4.9369
-5.0616,5.0616
0.7239,0.7239
0.5242,0.5242
3.3973,3.3973
-1.8854,1.8854
-2.7796,2.7796
-7.9659,7.9659
0.9616,0.9616
6.3329,6.3329
6.3025,6.3025
1.8009,1.8009
0.9196,0.9196
-4.5370,4.5370
9.5960,9.5960
11.2645,11.2645
-1.2914,1.2914
-2.7395,2.7395
2.0798,2.0798
6.6543,6.6543
-3.0039,3.0039
2.1009,2.1009
-5.0015,5.0015
-2.5625,2.5625
-0.7516,0.7516
0.6028,0.6028
10.0865,10.0865
-6.9295,6.9295
0.1549,0.1549
3.5314,3.5314
7.9702,7.9702
-2.6652,2.6652
-3.2646,3.2646
1.8801,1.8801
2.4266,2.4266
0.3630,0.3630
-4.5358,4.5358
4.3819,4.3819
5.1553,5.1553
-7.1291,7.1291
-5.6067,5.6067
16.7274,16.7274
2.5621,2.5621
-3.6795,3.6795
2.3064,2.3064
4.1913,4.1913
-2.8359,2.8359
0.9252,0.9252
6.7534,6.7534
-9.2004,9.2004
-1.8591,1.8591
6.2733,6.2733
6.5940,6.5940
-5.8811,5.8811
3.9865,3.9865
3.1967,3.1967
-3.9511,3.9511
5.8896,5.8896
-2.2506,2.2506
-1.2581,1.2581
-2.3895,2.3895
4.7805,4.7805
3.7878,3.7878
-9.7790,9.7790
-8.0995,8.0995
3.8316,3.8316
-5.4420,5.4420
2.3984,2.3984
-3.7145,3.7145
1.2813,1.2813
5.4714,5.4714
-0.2920,0.2920
4.4445,4.4445
6.3417,6.3417
-4.0651,4.0651
-7.3094,7.3094
-0.0005,0.0005
4.8785,4.8785
-3.7012,3.7012
-6.9527,6.9527
2.8707,2.8707
-3.1830,3.1830
-2.4940,2.4940
-4.7535,4.7535
-0.8036,0.8036
14.1415,14.1415
-4.5698,4.5698
-2.3416,2.3416
-4.6053,4.6053
-1.6083,1.6083
-2.1322,2.1322
0.6494,0.6494
-8.6919,8.6919
-10.4686,10.4686
-7.4178,7.4178
-0.6057,0.6057
6.7151,6.7151
3.5654,3.5654
-2.9332,2.9332
-0.0813,0.0813
1.5667,1.5667
-4.4832,4.4832
-11.8849,11.8849
-3.4047,3.4047
0.9352,0.9352
-1.5182,1.5182
9.9211,9.9211
4.1935,4.1935
7.3551,7.3551
-8.8212,8.8212
2.6730,2.6730
1.5444,1.5444
-1.2854,1.2854
7.3368,7.3368
-0.5422,0.5422
11.9960,11.9960
0.3407,0.3407
-1.4373,1.4373
-7.3668,7.3668
-11.3494,11.3494
-2.5897,2.5897
11.4919,11.4919
-6.3970,6.3970
4.9091,4.9091
2.1765,2.1765
-12.2011,12.2011
5.0218,5.0218
-4.6401,4.6401
-3.7944,3.7944
0.5912,0.5912
2.3701,2.3701
9.3398,9.3398
-2.7195,2.7195
4.6804,4.6804
5.0026,5.0026
0.7632,0.7632
-0.2073,0.2073
-4.4456,4.4456
-4.4090,4.4090
-6.9643,6.9643
-0.5127,0.5127
-1.5074,1.5074
5.5458,5.5458
3.3070,3.3070
2.5839,2.5839
2.0503,2.0503
-0.4291,0.4291
-3.2555,3.2555
5.0601,5.0601
-0.1122,0.1122
0.5067,0.5067
8.6756,8.6756
-1.2068,1.2068
-0.2564,0.2564
-1.1361,1.1361
2.4762,2.4762
-5.6775,5.6775
-2.5857,2.5857
-0.7958,0.7958
-10.8907,10.8907
7.0230,7.0230
-0.6792,0.6792
0.6557,0.6557
-9.1311,9.1311
3.2917,3.2917
-5.8594,5.8594
-0.1979,0.1979
-0.5179,0.5179
-0.7521,0.7521
-1.0757,1.0757
7.2999,7.2999
3.5758,3.5758
1.2683,1.2683
-0.3929,0.3929
15.0385,15.0385
-5.8288,5.8288
-1.9879,1.9879
0.6360,0.6360
4.9524,4.9524
-0.0248,0.0248
-2.2526,2.2526
-5.5748,5.5748
6.7035,6.7035
-4.9443,4.9443
0.0946,0.0946
5.1663,5.1663
4.9340,4.9340
6.3722,6.3722
-2.0055,2.0055
-4.3549,4.3549
-6.0253,6.0253
-3.6216,3.6216
4.0980,4.0980
-3.0216,3.0216
3.3312,3.3312
-4.3680,4.3680
-4.0380,4.0380
11.1222,11.1222
0.2339,0.2339
-4.7938,4.7938
-0.2213,0.2213
4.8521,4.8521
9.1108,9.1108
-3.1680,3.1680
-8.1659,8.1659
2.4773,2.4773
-7.9603,7.9603
4.2834,4.2834
0.2873,0.2873
-0.8179,0.8179
-2.6318,2.6318
1.5907,1.5907
-2.3945,2.3945
-6.2387,6.2387
-2.7121,2.7121
0.3988,0.3988
1.5736,1.5736
-2.1458,2.1458
2.1765,2.1765
-0.3797,0.3797
5.3168,5.3168
-3.2043,3.2043
-4.9164,4.9164
5.1086,5.1086
1.0933,1.0933
10.7149,10.7149
5.9963,5.9963
3.2886,3.2886
6.0860,6.0860
-5.9275,5.9275
9.0971,9.0971
-4.2393,4.2393
-9.4611,9.4611
5.6911,5.6911
-0.7470,0.7470
-2.9255,2.9255
6.6907,6.6907
-5.1565,5.1565
-3.6530,3.6530
-3.0156,3.0156
-1.8315,1.8315
-0.7165,0.7165
-6.1026,6.1026
-7.6681,7.6681
1.3665,1.3665
1.4568,1.4568
-1.0347,1.0347
-0.3711,0.3711
4.3817,4.3817
-0.4588,0.4588
4.9763,4.9763
7.0854,7.0854
1.3893,1.3893
1.5354,1.5354
3.3246,3.3246
-6.0414,6.0414
-3.3031,3.3031
-1.7352,1.7352
-7.3325,7.3325
5.0771,5.0771
6.5071,6.5071
2.4285,2.4285
-0.9529,0.9529
2.2530,2.2530
-3.8196,3.8196
8.4669,8.4669
1.5818,1.5818
9.5290,9.5290
2.6268,2.6268
7.5229,7.5229
5.1291,5.1291
0.1584,0.1584
0.4824,0.4824
-9.9023,9.9023
-8.3055,8.3055
2.6608,2.6608
-4.7226,4.7226
-3.2504,3.2504
0.1430,0.1430
-1.2013,1.2013
-1.8875,1.8875
0.2982,0.2982
3.8454,3.8454
0.9473,0.9473
-8.0486,8.0486
-2.8356,2.8356
7.4605,7.4605
16.2290,16.2290
-4.7983,4.7983
-6.9085,6.9085
0.6887,0.6887
9.1608,9.1608
0.4016,0.4016
-5.6556,5.6556
-4.6899,4.6899
8.5721,8.5721
5.8821,5.8821
4.7636,4.7636
4.1628,4.1628
1.7605,1.7605
-1.7197,1.7197
3.1843,3.1843
2.1674,2.1674
-8.9912,8.9912
-4.3541,4.3541
2.6104,2.6104
-5.7201,5.7201
0.8658,0.8658
0.3213,0.3213
-8.9877,8.9877
-7.6495,7.6495
7.0750,7.0750
-8.3242,8.3242
-3.7395,3.7395
11.2107,11.2107
-0.1273,0.1273
3.7508,3.7508
4.0092,4.0092
-2.9588,2.9588
3.4727,3.4727
3.0790,3.0790
-2.5976,2.5976
0.7874,0.7874
7.9303,7.9303
-0.1679,0.1679
2.9973,2.9973
-11.2757,11.2757
1.4233,1.4233
3.6559,3.6559
1.1006,1.1006
1.7898,1.7898
-3.1482,3.1482
-8.1692,8.1692
4.4000,4.4000
-0.2545,0.2545
-0.8182,0.8182
-1.4311,1.4311
-3.4852,3.4852
11.6798,11.6798
0.3322,0.3322
-3.4723,3.4723
-5.5153,5.5153
-0.4223,0.4223
-8.7444,8.7444
5.1016,5.1016
-3.7542,3.7542
-2.2455,2.2455
7.3052,7.3052
-0.7185,0.7185
-0.3653,0.3653
-1.0235,1.0235
4.7646,4.7646
1.9770,1.9770
-2.9622,2.9622
0.6178,0.6178
-0.3572,0.3572
0.5626,0.5626
-1.6138,1.6138
2.8031,2.8031
-2.4284,2.4284
12.4582,12.4582
2.8429,2.8429
-0.3131,0.3131
-0.9760,0.9760
-0.6324,0.6324
-4.7614,4.7614
-6.8372,6.8372
8.0853,8.0853
10.8179,10.8179
3.1104,3.1104
0.7762,0.7762
6.5824,6.5824
10.3867,10.3867
3.7636,3.7636
-1.9136,1.9136
2.2328,2.2328
4.9307,4.9307
1.7681,1.7681
2.5287,2.5287
0.4964,0.4964
-0.1108,0.1108
1.3487,1.3487
-3.8244,3.8244
-2.9942,2.9942
3.4823,3.4823
-4.6535,4.6535
7.7130,7.7130
10.2330,10.2330
1.5920,1.5920
-6.2056,6.2056
-3.1095,3.1095
-0.3459,0.3459
1.2252,1.2252
4.0153,4.0153
1.0329,1.0329
2.6529,2.6529
9.8923,9.8923
-6.9285,6.9285
-4.7305,4.7305
2.1740,2.1740
-0.8022,0.8022
-12.2446,12.2446
8.4451,8.4451
-2.9962,2.9962
-5.6720,5.6720
8.1578,8.1578
10.4518,10.4518
-2.5151,2.5151
-2.3368,2.3368
-0.7711,0.7711
-2.4038,2.4038
4.2020,4.2020
8.0318,8.0318
3.2346,3.2346
4.7757,4.7757
-0.2836,0.2836
-10.4266,10.4266
3.9398,3.9398
-3.8278,3.8278
1.8796,1.8796
2.9678,2.9678
-0.9145,0.9145
10.3193,10.3193
-7.1020,7.1020
-2.2985,2.2985
2.9652,2.9652
-1.2456,1.2456
0.6690,0.6690
0.5012,0.5012
-5.2935,5.2935
-8.4337,8.4337
2.2021,2.2021
2.7826,2.7826
-0.0372,0.0372
7.1604,7.1604
3.9930,3.9930
0.7294,0.7294
0.1771,0.1771
-4.3603,4.3603
-5.5845,5.5845
-4.4168,4.4168
1.2080,1.2080
-4.0239,4.0239
0.1882,0.1882
1.7094,1.7094
-0.4834,0.4834
4.8317,4.8317
4.0717,4.0717
-1.2189,1.2189
1.5005,1.5005
6.7169,6.7169
-6.1053,6.1053
5.1139,5.1139
2.6389,2.6389
-5.7153,5.7153
-15.5160,15.5160
-4.0166,4.0166
6.6245,6.6245
4.8556,4.8556
13.8047,13.8047
-3.4690,3.4690
-1.6196,1.6196
-7.7461,7.7461
8.7367,8.7367
-4.7555,4.7555
-6.8279,6.8279
3.3963,3.3963
-5.4628,5.4628
-2.1134,2.1134
1.5341,1.5341
-7.1287,7.1287
-4.7616,4.7616
-2.0866,2.0866
-2.7490,2.7490
0.9216,0.9216
-1.9969,1.9969
-1.1690,1.1690
8.1221,8.1221
0.1911,0.1911
-7.2706,7.2706
6.3948,6.3948
0.5663,0.5663
-7.1917,7.1917
6.1844,6.1844
6.5831,6.5831
7.8813,7.8813
-12.1644,12.1644
-14.5202,14.5202
1.4839,1.4839
1.1952,1.1952
6.2348,6.2348
-1.9517,1.9517
-6.8429,6.8429
3.6359,3.6359
-5.5664,5.5664
-8.1075,8.1075
-5.7440,5.7440
5.3366,5.3366
6.6093,6.6093
-1.7961,1.7961
-2.7442,2.7442
2.0297,2.0297
5.7609,5.7609
-1.1251,1.1251
0.1134,0.1134
5.7858,5.7858
0.2254,0.2254
-14.0836,14.0836
-0.7771,0.7771
5.4354,5.4354
2.6223,2.6223
-0.3528,0.3528
-1.6611,1.6611
3.1871,3.1871
9.7990,9.7990
-4.9038,4.9038
-3.3405,3.3405
0.9014,0.9014
3.3857,3.3857
8.5877,8.5877
4.7038,4.7038
1.7101,1.7101
-2.4448,2.4448
-4.2718,4.2718
11.9902,11.9902
-15.5050,15.5050
5.3318,5.3318
-4.8377,4.8377
-12.5421,12.5421
3.6954,3.6954
-7.7374,7.7374
-5.0190,5.0190
-4.6900,4.6900
6.3860,6.3860
6.3167,6.3167
-4.0779,4.0779
-5.6293,5.6293
-6.5954,6.5954
-10.3778,10.3778
-0.3431,0.3431
-4.1039,4.1039
1.9208,1.9208
4.0498,4.0498
6.0318,6.0318
-0.8956,0.8956
2.9610,2.9610
5.5650,5.5650
-4.6996,4.6996
9.9860,9.9860
1.2832,1.2832
3.6689,3.6689
2.6203,2.6203
0.4197,0.4197
-4.8104,4.8104
0.1250,0.1250
-1.5309,1.5309
-6.3547,6.3547
4.4385,4.4385
6.1734,6.1734
2.7975,2.7975
-8.7381,8.7381
-5.9269,5.9269
-7.0451,7.0451
-9.1995,9.1995
11.6076,11.6076
7.4612,7.4612
-3.7590,3.7590
-2.5471,2.5471
2.5956,2.5956
0.5651,0.5651
-0.3509,0.3509
3.3823,3.3823
3.5612,3.5612
-4.5854,4.5854
5.2409,5.2409
-3.8776,3.8776
-6.1222,6.1222
-8.1469,8.1469
7.5213,7.5213
0.4394,0.4394
1.1592,1.1592
5.8746,5.8746
1.4851,1.4851
3.7623,3.7623
-4.2856,4.2856
3.2839,3.2839
0.2435,0.2435
7.7445,7.7445
2.7301,2.7301
0.4879,0.4879
-1.2646,1.2646
0.0501,0.0501
-2.2833,2.2833
2.9257,2.9257
0.0417,0.0417
-8.4918,8.4918
-7.2293,7.2293
1.6055,1.6055
-1.1012,1.1012
-4.3243,4.3243
0.3887,0.3887
0.3584,0.3584
-5.1028,5.1028
-0.0231,0.0231
-3.5242,3.5242
0.6689,0.6689
-6.2367,6.2367
6.8914,6.8914
3.2526,3.2526
-2.5087,2.5087
3.1583,3.1583
-7.3756,7.3756
-12.7334,12.7334
4.9530,4.9530
-2.5190,2.5190
9.1524,9.1524
-1.3294,1.3294
-2.4740,2.4740
1.0928,1.0928
3.4257,3.4257
-13.1075,13.1075
-2.2558,2.2558
-4.0945,4.0945
1.5264,1.5264
14.8505,14.8505
1.5474,1.5474
14.5148,14.5148
-1.7610,1.7610
3.4785,3.4785
8.3406,8.3406
-7.5236,7.5236
-3.6868,3.6868
-0.9372,0.9372
-3.6952,3.6952
0.5353,0.5353
-1.1786,1.1786
9.1624,9.1624
-4.7719,4.7719
0.9321,0.9321
-13.8831,13.8831
-1.8513,1.8513
4.8214,4.8214
10.0601,10.0601
1.2710,1.2710
-1.7212,1.7212
1.8485,1.8485
5.7945,5.7945
-4.0533,4.0533
-5.7695,5.7695
-7.3905,7.3905
8.8939,8.8939
3.2963,3.2963
-1.4619,1.4619
-8.4839,8.4839
7.2176,7.2176
-1.5865,1.5865
-5.3840,5.3840
0.8816,0.8816
-3.2838,3.2838
2.0372,2.0372
-5.0863,5.0863
1.9214,1.9214
-2.3268,2.3268
-2.2583,2.2583
-3.6600,3.6600
-0.0052,0.0052
0.6807,0.6807
-0.1134,0.1134
3.4454,3.4454
-7.1420,7.1420
-3.5085,3.5085
2.4015,2.4015
6.1201,6.1201
5.1462,5.1462
4.7623,4.7623
-3.5330,3.5330
0.2115,0.2115
-2.2722,2.2722
-2.7777,2.7777
7.9855,7.9855
-6.5545,6.5545
3.5776,3.5776
7.2621,7.2621
-3.3195,3.3195
4.3712,4.3712
-2.4900,2.4900
-2.7138,2.7138
7.0014,7.0014
-1.6766,1.6766
6.9203,6.9203
11.0925,11.0925
1.5030,1.5030
-0.9034,0.9034
-5.3660,5.3660
-3.3746,3.3746
-12.5547,12.5547
