t,u,w,q,theta,alpha_deg,V_mps,de_cmd_deg,saturated
0.0000,0.0000,0.0000,0.0000,0.0000,7.9781,20.0000,-0.0000,0
0.0050,0.0000,0.0000,0.0000,0.0000,7.9781,20.0000,-0.0000,0
0.0100,0.0000,0.0000,0.0000,0.0000,7.9781,20.0000,-0.0000,0
0.0150,0.0000,0.0000,0.0000,0.0000,7.9781,20.0000,-0.0000,0
0.0200,0.0000,0.0000,0.0000,0.0000,7.9781,20.0000,-0.0000,0
0.0250,0.0000,0.0000,0.0000,0.0000,7.9781,20.0000,-0.0000,0
0.0300,0.0000,0.0000,0.0000,0.0000,7.9781,20.0000,-0.0000,0
0.0350,0.0000,0.0000,0.0000,0.0000,7.9781,20.0000,-0.0000,0
0.0400,0.0000,0.0000,0.0000,0.0000,7.9781,20.0000,-0.0000,0
0.0450,0.0000,0.0000,0.0000,0.0000,7.9781,20.0000,-0.0000,0
0.0500,0.0000,0.0000,0.0000,0.0000,7.9781,20.0000,-0.0000,0
0.0550,0.0000,0.0000,0.0000,0.0000,7.9781,20.0000,-0.0000,0
0.0600,0.0000,0.0000,0.0000,0.0000,7.9781,20.0000,-0.0000,0
0.0650,0.0000,0.0000,0.0000,0.0000,7.9781,20.0000,-0.0000,0
0.0700,0.0000,0.0000,0.0000,0.0000,7.9781,20.0000,-0.0000,0
0.0750,0.0000,0.0000,0.0000,0.0000,7.9781,20.0000,-0.0000,0
0.0800,0.0000,0.0000,0.0000,0.0000,7.9781,20.0000,-0.0000,0
0.0850,0.0000,0.0000,0.0000,0.0000,7.9781,20.0000,-0.0000,0
0.0900,0.0000,0.0000,0.0000,0.0000,7.9781,20.0000,-0.0000,0
0.0950,0.0000,0.0000,0.0000,0.0000,7.9781,20.0000,-0.0000,0
0.1000,0.0000,0.0000,0.0000,0.0000,7.9781,20.0000,-0.0000,0
0.1050,0.0000,0.0000,0.0000,0.0000,7.9781,20.0000,-0.0000,0
0.1100,0.0000,0.0000,0.0000,0.0000,7.9781,20.0000,-0.0000,0
0.1150,0.0000,0.0000,0.0000,0.0000,7.9781,20.0000,-0.0000,0
0.1200,0.0000,0.0000,0.0000,0.0000,7.9781,20.0000,-0.0000,0
0.1250,0.0000,0.0000,0.0000,0.0000,7.9781,20.0000,-0.0000,0
0.1300,0.0000,0.0000,0.0000,0.0000,7.9781,20.0000,-0.0000,0
0.1350,0.0000,0.0000,0.0000,0.0000,7.9781,20.0000,-0.0000,0
0.1400,0.0000,0.0000,0.0000,0.0000,7.9781,20.0000,-0.0000,0
0.1450,0.0000,0.0000,0.0000,0.0000,7.9781,20.0000,-0.0000,0
0.1500,0.0000,0.0000,0.0000,0.0000,7.9781,20.0000,-0.0000,0
0.1550,0.0000,0.0000,0.0000,0.0000,7.9781,20.0000,-0.0000,0
0.1600,0.0000,0.0000,0.0000,0.0000,7.9781,20.0000,-0.0000,0
0.1650,0.0000,0.0000,0.0000,0.0000,7.9781,20.0000,-0.0000,0
0.1700,0.0000,0.0000,0.0000,0.0000,7.9781,20.0000,-0.0000,0
0.1750,0.0000,0.0000,0.0000,0.0000,7.9781,20.0000,-0.0000,0
0.1800,0.0000,0.0000,0.0000,0.0000,7.9781,20.0000,-0.0000,0
0.1850,0.0000,0.0000,0.0000,0.0000,7.9781,20.0000,-0.0000,0
0.1900,0.0000,0.0000,0.0000,0.0000,7.9781,20.0000,-0.0000,0
0.1950,0.0000,0.0000,0.0000,0.0000,7.9781,20.0000,-0.0000,0
0.2000,0.0000,0.0000,0.0000,0.0000,7.9781,20.0000,-0.0000,0
0.2050,0.0000,0.0000,0.0000,0.0000,7.9781,20.0000,-0.0000,0
0.2100,0.0000,0.0000,0.0000,0.0000,7.9781,20.0000,-0.0000,0
0.2150,0.0000,0.0000,0.0000,0.0000,7.9781,20.0000,-0.0000,0
0.2200,0.0000,0.0000,0.0000,0.0000,7.9781,20.0000,-0.0000,0
0.2250,0.0000,0.0000,0.0000,0.0000,7.9781,20.0000,-0.0000,0
0.2300,0.0000,0.0000,0.0000,0.0000,7.9781,20.0000,-0.0000,0
0.2350,0.0000,0.0000,0.0000,0.0000,7.9781,20.0000,-0.0000,0
0.2400,0.0000,0.0000,0.0000,0.0000,7.9781,20.0000,-0.0000,0
0.2450,0.0000,0.0000,0.0000,0.0000,7.9781,20.0000,-0.0000,0
0.2500,0.0000,0.0000,0.0000,0.0000,7.9781,20.0000,-0.0000,0
0.2550,0.0000,0.0000,0.0000,0.0000,7.9781,20.0000,-0.0000,0
0.2600,0.0000,0.0000,0.0000,0.0000,7.9781,20.0000,-0.0000,0
0.2650,0.0000,0.0000,0.0000,0.0000,7.9781,20.0000,-0.0000,0
0.2700,0.0000,0.0000,0.0000,0.0000,7.9781,20.0000,-0.0000,0
0.2750,0.0000,0.0000,0.0000,0.0000,7.9781,20.0000,-0.0000,0
0.2800,0.0000,0.0000,0.0000,0.0000,7.9781,20.0000,-0.0000,0
0.2850,0.0000,0.0000,0.0000,0.0000,7.9781,20.0000,-0.0000,0
0.2900,0.0000,0.0000,0.0000,0.0000,7.9781,20.0000,-0.0000,0
0.2950,0.0000,0.0000,0.0000,0.0000,7.9781,20.0000,-0.0000,0
0.3000,0.0000,0.0000,0.0000,0.0000,7.9781,20.0000,-0.0000,0
0.3050,0.0000,0.0000,0.0000,0.0000,7.9781,20.0000,-0.0000,0
0.3100,0.0000,0.0000,0.0000,0.0000,7.9781,20.0000,-0.0000,0
0.3150,0.0000,0.0000,0.0000,0.0000,7.9781,20.0000,-0.0000,0
0.3200,0.0000,0.0000,0.0000,0.0000,7.9781,20.0000,-0.0000,0
0.3250,0.0000,0.0000,0.0000,0.0000,7.9781,20.0000,-0.0000,0
0.3300,0.0000,0.0000,0.0000,0.0000,7.9781,20.0000,-0.0000,0
0.3350,0.0000,0.0000,0.0000,0.0000,7.9781,20.0000,-0.0000,0
0.3400,0.0000,0.0000,0.0000,0.0000,7.9781,20.0000,-0.0000,0
0.3450,0.0000,0.0000,0.0000,0.0000,7.9781,20.0000,-0.0000,0
0.3500,0.0000,0.0000,0.0000,0.0000,7.9781,20.0000,-0.0000,0
0.3550,0.0000,0.0000,0.0000,0.0000,7.9781,20.0000,-0.0000,0
0.3600,0.0000,0.0000,0.0000,0.0000,7.9781,20.0000,-0.0000,0
0.3650,0.0000,0.0000,0.0000,0.0000,7.9781,20.0000,-0.0000,0
0.3700,0.0000,0.0000,0.0000,0.0000,7.9781,20.0000,-0.0000,0
0.3750,0.0000,0.0000,0.0000,0.0000,7.9781,20.0000,-0.0000,0
0.3800,0.0000,0.0000,0.0000,0.0000,7.9781,20.0000,-0.0000,0
0.3850,0.0000,0.0000,0.0000,0.0000,7.9781,20.0000,-0.0000,0
0.3900,0.0000,0.0000,0.0000,0.0000,7.9781,20.0000,-0.0000,0
0.3950,0.0000,0.0000,0.0000,0.0000,7.9781,20.0000,-0.0000,0
0.4000,0.0000,0.0000,0.0000,0.0000,7.9781,20.0000,-0.0000,0
0.4050,0.0000,0.0000,0.0000,0.0000,7.9781,20.0000,-0.0000,0
0.4100,0.0000,0.0000,0.0000,0.0000,7.9781,20.0000,-0.0000,0
0.4150,0.0000,0.0000,0.0000,0.0000,7.9781,20.0000,-0.0000,0
0.4200,0.0000,0.0000,0.0000,0.0000,7.9781,20.0000,-0.0000,0
0.4250,0.0000,0.0000,0.0000,0.0000,7.9781,20.0000,-0.0000,0
0.4300,0.0000,0.0000,0.0000,0.0000,7.9781,20.0000,-0.0000,0
0.4350,0.0000,0.0000,0.0000,0.0000,7.9781,20.0000,-0.0000,0
0.4400,0.0000,0.0000,0.0000,0.0000,7.9781,20.0000,-0.0000,0
0.4450,0.0000,0.0000,0.0000,0.0000,7.9781,20.0000,-0.0000,0
0.4500,0.0000,0.0000,0.0000,0.0000,7.9781,20.0000,-0.0000,0
0.4550,0.0000,0.0000,0.0000,0.0000,7.9781,20.0000,-0.0000,0
0.4600,0.0000,0.0000,0.0000,0.0000,7.9781,20.0000,-0.0000,0
0.4650,0.0000,0.0000,0.0000,0.0000,7.9781,20.0000,-0.0000,0
0.4700,0.0000,0.0000,0.0000,0.0000,7.9781,20.0000,-0.0000,0
0.4750,0.0000,0.0000,0.0000,0.0000,7.9781,20.0000,-0.0000,0
0.4800,0.0000,0.0000,0.0000,0.0000,7.9781,20.0000,-0.0000,0
0.4850,0.0000,0.0000,0.0000,0.0000,7.9781,20.0000,-0.0000,0
0.4900,0.0000,0.0000,0.0000,0.0000,7.9781,20.0000,-0.0000,0
0.4950,0.0000,0.0000,0.0000,0.0000,7.9781,20.0000,-0.0000,0
0.5000,0.0000,0.0000,0.0000,0.0000,7.9781,20.0000,-0.0000,0
0.5050,0.0000,0.0000,0.0000,0.0000,7.9781,20.0000,-0.0000,0
0.5100,0.0000,0.0000,0.0000,0.0000,7.9781,20.0000,-0.0000,0
0.5150,0.0000,0.0000,0.0000,0.0000,7.9781,20.0000,-0.0000,0
0.5200,0.0000,0.0000,0.0000,0.0000,7.9781,20.0000,-0.0000,0
0.5250,0.0000,0.0000,0.0000,0.0000,7.9781,20.0000,-0.0000,0
0.5300,0.0000,0.0000,0.0000,0.0000,7.9781,20.0000,-0.0000,0
0.5350,0.0000,0.0000,0.0000,0.0000,7.9781,20.0000,-0.0000,0
0.5400,0.0000,0.0000,0.0000,0.0000,7.9781,20.0000,-0.0000,0
0.5450,0.0000,0.0000,0.0000,0.0000,7.9781,20.0000,-0.0000,0
0.5500,0.0000,0.0000,0.0000,0.0000,7.9781,20.0000,-0.0000,0
0.5550,0.0000,0.0000,0.0000,0.0000,7.9781,20.0000,-0.0000,0
0.5600,0.0000,0.0000,0.0000,0.0000,7.9781,20.0000,-0.0000,0
0.5650,0.0000,0.0000,0.0000,0.0000,7.9781,20.0000,-0.0000,0
0.5700,0.0000,0.0000,0.0000,0.0000,7.9781,20.0000,-0.0000,0
0.5750,0.0000,0.0000,0.0000,0.0000,7.9781,20.0000,-0.0000,0
0.5800,0.0000,0.0000,0.0000,0.0000,7.9781,20.0000,-0.0000,0
0.5850,0.0000,0.0000,0.0000,0.0000,7.9781,20.0000,-0.0000,0
0.5900,0.0000,0.0000,0.0000,0.0000,7.9781,20.0000,-0.0000,0
0.5950,0.0000,0.0000,0.0000,0.0000,7.9781,20.0000,-0.0000,0
0.6000,0.0000,0.0000,0.0000,0.0000,7.9781,20.0000,-0.0000,0
0.6050,0.0000,0.0000,0.0000,0.0000,7.9781,20.0000,-0.0000,0
0.6100,0.0000,0.0000,0.0000,0.0000,7.9781,20.0000,-0.0000,0
0.6150,0.0000,0.0000,0.0000,0.0000,7.9781,20.0000,-0.0000,0
0.6200,0.0000,0.0000,0.0000,0.0000,7.9781,20.0000,-0.0000,0
0.6250,0.0000,0.0000,0.0000,0.0000,7.9781,20.0000,-0.0000,0
0.6300,0.0000,0.0000,0.0000,0.0000,7.9781,20.0000,-0.0000,0
0.6350,0.0000,0.0000,0.0000,0.0000,7.9781,20.0000,-0.0000,0
0.6400,0.0000,0.0000,0.0000,0.0000,7.9781,20.0000,-0.0000,0
0.6450,0.0000,0.0000,0.0000,0.0000,7.9781,20.0000,-0.0000,0
0.6500,0.0000,0.0000,0.0000,0.0000,7.9781,20.0000,-0.0000,0
0.6550,0.0000,0.0000,0.0000,0.0000,7.9781,20.0000,-0.0000,0
0.6600,0.0000,0.0000,0.0000,0.0000,7.9781,20.0000,-0.0000,0
0.6650,0.0000,0.0000,0.0000,0.0000,7.9781,20.0000,-0.0000,0
0.6700,0.0000,0.0000,0.0000,0.0000,7.9781,20.0000,-0.0000,0
0.6750,0.0000,0.0000,0.0000,0.0000,7.9781,20.0000,-0.0000,0
0.6800,0.0000,0.0000,0.0000,0.0000,7.9781,20.0000,-0.0000,0
0.6850,0.0000,0.0000,0.0000,0.0000,7.9781,20.0000,-0.0000,0
0.6900,0.0000,0.0000,0.0000,0.0000,7.9781,20.0000,-0.0000,0
0.6950,0.0000,0.0000,0.0000,0.0000,7.9781,20.0000,-0.0000,0
0.7000,0.0000,0.0000,0.0000,0.0000,7.9781,20.0000,-0.0000,0
0.7050,0.0000,0.0000,0.0000,0.0000,7.9781,20.0000,-0.0000,0
0.7100,0.0000,0.0000,0.0000,0.0000,7.9781,20.0000,-0.0000,0
0.7150,0.0000,0.0000,0.0000,0.0000,7.9781,20.0000,-0.0000,0
0.7200,0.0000,0.0000,0.0000,0.0000,7.9781,20.0000,-0.0000,0
0.7250,0.0000,0.0000,0.0000,0.0000,7.9781,20.0000,-0.0000,0
0.7300,0.0000,0.0000,0.0000,0.0000,7.9781,20.0000,-0.0000,0
0.7350,0.0000,0.0000,0.0000,0.0000,7.9781,20.0000,-0.0000,0
0.7400,0.0000,0.0000,0.0000,0.0000,7.9781,20.0000,-0.0000,0
0.7450,0.0000,0.0000,0.0000,0.0000,7.9781,20.0000,-0.0000,0
0.7500,0.0000,0.0000,0.0000,0.0000,7.9781,20.0000,-0.0000,0
0.7550,0.0000,0.0000,0.0000,0.0000,7.9781,20.0000,-0.0000,0
0.7600,0.0000,0.0000,0.0000,0.0000,7.9781,20.0000,-0.0000,0
0.7650,0.0000,0.0000,0.0000,0.0000,7.9781,20.0000,-0.0000,0
0.7700,0.0000,0.0000,0.0000,0.0000,7.9781,20.0000,-0.0000,0
0.7750,0.0000,0.0000,0.0000,0.0000,7.9781,20.0000,-0.0000,0
0.7800,0.0000,0.0000,0.0000,0.0000,7.9781,20.0000,-0.0000,0
0.7850,0.0000,0.0000,0.0000,0.0000,7.9781,20.0000,-0.0000,0
0.7900,0.0000,0.0000,0.0000,0.0000,7.9781,20.0000,-0.0000,0
0.7950,0.0000,0.0000,0.0000,0.0000,7.9781,20.0000,-0.0000,0
0.8000,0.0000,0.0000,0.0000,0.0000,7.9781,20.0000,-0.0000,0
0.8050,0.0000,0.0000,0.0000,0.0000,7.9781,20.0000,-0.0000,0
0.8100,0.0000,0.0000,0.0000,0.0000,7.9781,20.0000,-0.0000,0
0.8150,0.0000,0.0000,0.0000,0.0000,7.9781,20.0000,-0.0000,0
0.8200,0.0000,0.0000,0.0000,0.0000,7.9781,20.0000,-0.0000,0
0.8250,0.0000,0.0000,0.0000,0.0000,7.9781,20.0000,-0.0000,0
0.8300,0.0000,0.0000,0.0000,0.0000,7.9781,20.0000,-0.0000,0
0.8350,0.0000,0.0000,0.0000,0.0000,7.9781,20.0000,-0.0000,0
0.8400,0.0000,0.0000,0.0000,0.0000,7.9781,20.0000,-0.0000,0
0.8450,0.0000,0.0000,0.0000,0.0000,7.9781,20.0000,-0.0000,0
0.8500,0.0000,0.0000,0.0000,0.0000,7.9781,20.0000,-0.0000,0
0.8550,0.0000,0.0000,0.0000,0.0000,7.9781,20.0000,-0.0000,0
0.8600,0.0000,0.0000,0.0000,0.0000,7.9781,20.0000,-0.0000,0
0.8650,0.0000,0.0000,0.0000,0.0000,7.9781,20.0000,-0.0000,0
0.8700,0.0000,0.0000,0.0000,0.0000,7.9781,20.0000,-0.0000,0
0.8750,0.0000,0.0000,0.0000,0.0000,7.9781,20.0000,-0.0000,0
0.8800,0.0000,0.0000,0.0000,0.0000,7.9781,20.0000,-0.0000,0
0.8850,0.0000,0.0000,0.0000,0.0000,7.9781,20.0000,-0.0000,0
0.8900,0.0000,0.0000,0.0000,0.0000,7.9781,20.0000,-0.0000,0
0.8950,0.0000,0.0000,0.0000,0.0000,7.9781,20.0000,-0.0000,0
0.9000,0.0000,0.0000,0.0000,0.0000,7.9781,20.0000,-0.0000,0
0.9050,0.0000,0.0000,0.0000,0.0000,7.9781,20.0000,-0.0000,0
0.9100,0.0000,0.0000,0.0000,0.0000,7.9781,20.0000,-0.0000,0
0.9150,0.0000,0.0000,0.0000,0.0000,7.9781,20.0000,-0.0000,0
0.9200,0.0000,0.0000,0.0000,0.0000,7.9781,20.0000,-0.0000,0
0.9250,0.0000,0.0000,0.0000,0.0000,7.9781,20.0000,-0.0000,0
0.9300,0.0000,0.0000,0.0000,0.0000,7.9781,20.0000,-0.0000,0
0.9350,0.0000,0.0000,0.0000,0.0000,7.9781,20.0000,-0.0000,0
0.9400,0.0000,0.0000,0.0000,0.0000,7.9781,20.0000,-0.0000,0
0.9450,0.0000,0.0000,0.0000,0.0000,7.9781,20.0000,-0.0000,0
0.9500,0.0000,0.0000,0.0000,0.0000,7.9781,20.0000,-0.0000,0
0.9550,0.0000,0.0000,0.0000,0.0000,7.9781,20.0000,-0.0000,0
0.9600,0.0000,0.0000,0.0000,0.0000,7.9781,20.0000,-0.0000,0
0.9650,0.0000,0.0000,0.0000,0.0000,7.9781,20.0000,-0.0000,0
0.9700,0.0000,0.0000,0.0000,0.0000,7.9781,20.0000,-0.0000,0
0.9750,0.0000,0.0000,0.0000,0.0000,7.9781,20.0000,-0.0000,0
0.9800,0.0000,0.0000,0.0000,0.0000,7.9781,20.0000,-0.0000,0
0.9850,0.0000,0.0000,0.0000,0.0000,7.9781,20.0000,-0.0000,0
0.9900,0.0000,0.0000,0.0000,0.0000,7.9781,20.0000,-0.0000,0
0.9950,0.0000,0.0000,0.0000,0.0000,7.9781,20.0000,-0.0000,0
1.0000,0.0000,0.0000,0.0085,0.0000,7.9781,20.0000,-0.8195,1
1.0050,-0.0004,0.0009,0.0191,0.0000,7.9781,20.0000,-1.0633,1
1.0100,-0.0014,0.0027,0.0323,0.0001,7.9806,19.9996,-1.3650,1
1.0150,-0.0029,0.0059,0.0486,0.0003,7.9860,19.9986,-1.7380,1
1.0200,-0.0053,0.0107,0.0689,0.0005,7.9951,19.9971,-2.1990,1
1.0250,-0.0087,0.0174,0.0940,0.0009,8.0087,19.9947,-2.7685,1
1.0300,-0.0133,0.0264,0.1250,0.0014,8.0279,19.9913,-3.4719,1
1.0350,-0.0195,0.0385,0.1634,0.0020,8.0539,19.9867,-4.3404,1
1.0400,-0.0275,0.0541,0.2109,0.0028,8.0883,19.9805,-5.4126,1
1.0450,-0.0379,0.0742,0.2695,0.0039,8.1331,19.9725,-6.7361,1
1.0500,-0.0512,0.0997,0.3419,0.0052,8.1906,19.9621,-8.3694,1
1.0550,-0.0680,0.1321,0.4313,0.0069,8.2639,19.9488,-10.3850,1
1.0600,-0.0893,0.1728,0.5417,0.0091,8.3565,19.9320,-12.8721,1
1.0650,-0.1160,0.2238,0.6681,0.0118,8.4731,19.9107,-15.0000,1
1.0700,-0.1490,0.2864,0.7877,0.0151,8.6191,19.8840,-15.0000,1
1.0750,-0.1878,0.3599,0.9007,0.0191,8.7987,19.8510,-15.0000,1
1.0800,-0.2323,0.4433,1.0073,0.0236,9.0092,19.8122,-15.0000,1
1.0850,-0.2821,0.5359,1.1079,0.0286,9.2482,19.7677,-15.0000,1
1.0900,-0.3368,0.6368,1.2027,0.0341,9.5134,19.7179,-15.0000,1
1.0950,-0.3963,0.7454,1.2919,0.0401,9.8025,19.6632,-15.0000,1
1.1000,-0.4603,0.8609,1.3759,0.0466,10.1134,19.6037,-15.0000,1
1.1050,-0.5285,0.9826,1.4548,0.0535,10.4443,19.5397,-15.0000,1
1.1100,-0.6006,1.1101,1.5289,0.0608,10.7931,19.4715,-15.0000,1
1.1150,-0.6765,1.2426,1.5984,0.0684,11.1582,19.3994,-15.0000,1
1.1200,-0.7559,1.3797,1.6635,0.0764,11.5379,19.3235,-15.0000,1
1.1250,-0.8387,1.5207,1.7245,0.0847,11.9306,19.2441,-15.0000,1
1.1300,-0.9245,1.6654,1.7814,0.0933,12.3348,19.1613,-15.0000,1
1.1350,-1.0132,1.8131,1.8345,0.1022,12.7491,19.0755,-15.0000,1
1.1400,-1.1046,1.9634,1.8840,0.1114,13.1722,18.9868,-15.0000,1
1.1450,-1.1986,2.1160,1.9300,0.1208,13.5000,18.8954,-15.0000,1
1.1500,-1.2950,2.2705,1.9728,0.1305,13.5000,18.8014,-15.0000,1
1.1550,-1.3936,2.4264,2.0125,0.1403,13.5000,18.7050,-15.0000,1
1.1600,-1.4943,2.5835,2.0491,0.1504,13.5000,18.6064,-15.0000,1
1.1650,-1.5969,2.7415,2.0830,0.1607,13.5000,18.5057,-15.0000,1
1.1700,-1.7012,2.9001,2.1142,0.1711,13.5000,18.4031,-15.0000,1
1.1750,-1.8073,3.0589,2.1428,0.1816,13.5000,18.2988,-15.0000,1
1.1800,-1.9148,3.2179,2.1691,0.1924,13.5000,18.1927,-15.0000,1
1.1850,-2.0238,3.3766,2.1930,0.2032,13.5000,18.0852,-15.0000,1
1.1900,-2.1340,3.5349,2.2148,0.2142,13.5000,17.9762,-15.0000,1
1.1950,-2.2455,3.6926,2.2346,0.2252,13.5000,17.8660,-15.0000,1
1.2000,-2.3580,3.8496,2.2524,0.2364,13.5000,17.7545,-15.0000,1
1.2050,-2.4715,4.0055,2.2684,0.2477,13.5000,17.6420,-15.0000,1
1.2100,-2.5860,4.1604,2.2826,0.2590,13.5000,17.5285,-15.0000,1
1.2150,-2.7012,4.3139,2.2952,0.2704,13.5000,17.4140,-15.0000,1
1.2200,-2.8172,4.4661,2.3063,0.2819,13.5000,17.2988,-15.0000,1
1.2250,-2.9338,4.6168,2.3160,0.2934,13.5000,17.1828,-15.0000,1
1.2300,-3.0510,4.7658,2.3242,0.3050,13.5000,17.0662,-15.0000,1
1.2350,-3.1687,4.9131,2.3312,0.3166,13.5000,16.9490,-15.0000,1
1.2400,-3.2869,5.0586,2.3370,0.3283,13.5000,16.8313,-15.0000,1
1.2450,-3.4054,5.2022,2.3416,0.3400,13.5000,16.7131,-15.0000,1
1.2500,-3.5243,5.3438,2.3452,0.3517,13.5000,16.5946,-15.0000,1
1.2550,-3.6435,5.4834,2.3477,0.3634,13.5000,16.4757,-15.0000,1
1.2600,-3.7629,5.6209,2.3494,0.3752,13.5000,16.3565,-15.0000,1
1.2650,-3.8824,5.7563,2.3501,0.3869,13.5000,16.2371,-15.0000,1
1.2700,-4.0021,5.8894,2.3501,0.3987,13.5000,16.1176,-15.0000,1
1.2750,-4.1219,6.0204,2.3492,0.4104,13.5000,15.9979,-15.0000,1
1.2800,-4.2417,6.1491,2.3477,0.4221,13.5000,15.8781,-15.0000,1
1.2850,-4.3615,6.2755,2.3455,0.4339,13.5000,15.7583,-15.0000,1
1.2900,-4.4813,6.3997,2.3427,0.4456,13.5000,15.6385,-15.0000,1
1.2950,-4.6010,6.5216,2.3394,0.4573,13.5000,15.5187,-15.0000,1
1.3000,-4.7207,6.6411,2.3355,0.4690,13.5000,15.3990,-15.0000,1
1.3050,-4.8402,6.7584,2.3311,0.4807,13.5000,15.2793,-15.0000,1
1.3100,-4.9596,6.8733,2.3263,0.4924,13.5000,15.1598,-15.0000,1
1.3150,-5.0789,6.9859,2.3211,0.5040,13.5000,15.0404,-15.0000,1
1.3200,-5.1979,7.0962,2.3155,0.5156,13.5000,14.9211,-15.0000,1
1.3250,-5.3167,7.2043,2.3096,0.5272,13.5000,14.8021,-15.0000,1
1.3300,-5.4353,7.3100,2.3033,0.5387,13.5000,14.6833,-15.0000,1
1.3350,-5.5537,7.4135,2.2968,0.5502,13.5000,14.5647,-15.0000,1
1.3400,-5.6718,7.5147,2.2900,0.5617,13.5000,14.4463,-15.0000,1
1.3450,-5.7896,7.6137,2.2830,0.5732,13.5000,14.3282,-15.0000,1
1.3500,-5.9071,7.7106,2.2758,0.5846,13.5000,14.2104,-15.0000,1
1.3550,-6.0244,7.8052,2.2685,0.5960,13.5000,14.0929,-15.0000,1
1.3600,-6.1413,7.8977,2.2609,0.6073,13.5000,13.9756,-15.0000,1
1.3650,-6.2579,7.9880,2.2533,0.6186,13.5000,13.8587,-15.0000,1
1.3700,-6.3741,8.0763,2.2455,0.6299,13.5000,13.7421,-15.0000,1
1.3750,-6.4901,8.1625,2.2376,0.6411,13.5000,13.6259,-15.0000,1
1.3800,-6.6056,8.2467,2.2296,0.6523,13.5000,13.5099,-15.0000,1
1.3850,-6.7209,8.3289,2.2216,0.6634,13.5000,13.3944,-15.0000,1
1.3900,-6.8357,8.4091,2.2135,0.6746,13.5000,13.2791,-15.0000,1
1.3950,-6.9502,8.4874,2.2054,0.6856,13.5000,13.1643,-15.0000,1
1.4000,-7.0644,8.5638,2.1972,0.6966,13.5000,13.0498,-15.0000,1
1.4050,-7.1781,8.6383,2.1890,0.7076,13.5000,12.9356,-15.0000,1
1.4100,-7.2915,8.7110,2.1809,0.7186,13.5000,12.8219,-15.0000,1
1.4150,-7.4045,8.7819,2.1727,0.7295,13.5000,12.7085,-15.0000,1
1.4200,-7.5172,8.8511,2.1646,0.7403,13.5000,12.5955,-15.0000,1
1.4250,-7.6295,8.9186,2.1565,0.7512,13.5000,12.4828,-15.0000,1
1.4300,-7.7413,8.9843,2.1484,0.7619,13.5000,12.3705,-15.0000,1
1.4350,-7.8529,9.0485,2.1404,0.7727,13.5000,12.2587,-15.0000,1
1.4400,-7.9640,9.1110,2.1324,0.7834,13.5000,12.1471,-15.0000,1
1.4450,-8.0748,9.1720,2.1245,0.7941,13.5000,12.0360,-15.0000,1
1.4500,-8.1852,9.2314,2.1167,0.8047,13.5000,11.9252,-15.0000,1
1.4550,-8.2952,9.2894,2.1089,0.8153,13.5000,11.8148,-15.0000,1
1.4600,-8.4049,9.3459,2.1012,0.8258,13.5000,11.7048,-15.0000,1
1.4650,-8.5142,9.4010,2.0936,0.8363,13.5000,11.5951,-15.0000,1
1.4700,-8.6231,9.4547,2.0860,0.8468,13.5000,11.4858,-15.0000,1
1.4750,-8.7317,9.5070,2.0786,0.8572,13.5000,11.3769,-15.0000,1
1.4800,-8.8399,9.5580,2.0712,0.8676,13.5000,11.2683,-15.0000,1
1.4850,-8.9477,9.6078,2.0639,0.8780,13.5000,11.1601,-15.0000,1
1.4900,-9.0552,9.6563,2.0567,0.8883,13.5000,11.0523,-15.0000,1
1.4950,-9.1624,9.7036,2.0496,0.8986,13.5000,10.9448,-15.0000,1
1.5000,-9.2692,9.7497,2.0427,0.9088,13.5000,10.8376,-15.0000,1
1.5050,-9.3756,9.7947,2.0358,0.9190,13.5000,10.7308,-15.0000,1
1.5100,-9.4818,9.8386,2.0290,0.9292,13.5000,10.6244,-15.0000,1
1.5150,-9.5876,9.8814,2.0223,0.9393,13.5000,10.5182,-15.0000,1
1.5200,-9.6930,9.9231,2.0157,0.9495,13.5000,10.4124,-15.0000,1
1.5250,-9.7982,9.9639,2.0093,0.9595,13.5000,10.3070,-15.0000,1
1.5300,-9.9030,10.0036,2.0029,0.9696,13.5000,10.2018,-15.0000,1
1.5350,-10.0075,10.0424,1.9966,0.9796,13.5000,10.0970,-15.0000,1
1.5400,-10.1117,10.0803,1.9905,0.9896,13.5000,9.9925,-15.0000,1
1.5450,-10.2155,10.1172,1.9844,0.9995,13.5000,9.8883,-15.0000,1
1.5500,-10.3191,10.1533,1.9785,1.0095,13.5000,9.7845,-15.0000,1
1.5550,-10.4224,10.1885,1.9726,1.0193,13.5000,9.6809,-15.0000,1
1.5600,-10.5254,10.2230,1.9669,1.0292,13.5000,9.5776,-15.0000,1
1.5650,-10.6281,10.2566,1.9613,1.0390,13.5000,9.4746,-15.0000,1
1.5700,-10.7305,10.2895,1.9557,1.0489,13.5000,9.3719,-15.0000,1
1.5750,-10.8326,10.3216,1.9503,1.0586,13.5000,9.2695,-15.0000,1
1.5800,-10.9344,10.3530,1.9450,1.0684,13.5000,9.1674,-15.0000,1
1.5850,-11.0360,10.3837,1.9397,1.0781,13.5000,9.0656,-15.0000,1
1.5900,-11.1373,10.4137,1.9346,1.0878,13.5000,8.9640,-15.0000,1
1.5950,-11.2383,10.4431,1.9295,1.0975,13.5000,8.8627,-15.0000,1
1.6000,-11.3391,10.4719,1.9246,1.1071,13.5000,8.7617,-15.0000,1
1.6050,-11.4396,10.5001,1.9197,1.1168,13.5000,8.6609,-15.0000,1
1.6100,-11.5399,10.5276,1.9150,1.1263,13.5000,8.5604,-15.0000,1
1.6150,-11.6399,10.5546,1.9103,1.1359,13.5000,8.4601,-15.0000,1
1.6200,-11.7396,10.5811,1.9057,1.1455,13.5000,8.3601,-15.0000,1
1.6250,-11.8391,10.6071,1.9012,1.1550,13.5000,8.2604,-15.0000,1
1.6300,-11.9384,10.6325,1.8968,1.1645,13.5000,8.1609,-15.0000,1
1.6350,-12.0375,10.6575,1.8925,1.1740,13.5000,8.0616,-15.0000,1
1.6400,-12.1363,10.6819,1.8883,1.1835,13.5000,7.9625,-15.0000,1
1.6450,-12.2349,10.7060,1.8841,1.1929,13.5000,7.8637,-15.0000,1
1.6500,-12.3333,10.7296,1.8800,1.2023,13.5000,7.7651,-15.0000,1
1.6550,-12.4314,10.7527,1.8760,1.2117,13.5000,7.6667,-15.0000,1
1.6600,-12.5294,10.7755,1.8721,1.2211,13.5000,7.5686,-15.0000,1
1.6650,-12.6271,10.7979,1.8682,1.2305,13.5000,7.4706,-15.0000,1
1.6700,-12.7246,10.8199,1.8645,1.2398,13.5000,7.3729,-15.0000,1
1.6750,-12.8219,10.8415,1.8608,1.2491,13.5000,7.2754,-15.0000,1
1.6800,-12.9190,10.8628,1.8571,1.2584,13.5000,7.1781,-15.0000,1
1.6850,-13.0159,10.8837,1.8536,1.2677,13.5000,7.0810,-15.0000,1
1.6900,-13.1126,10.9044,1.8501,1.2770,13.5000,6.9841,-15.0000,1
1.6950,-13.2091,10.9247,1.8466,1.2862,13.5000,6.8874,-15.0000,1
1.7000,-13.3055,10.9447,1.8432,1.2955,13.5000,6.7909,-15.0000,1
1.7050,-13.4016,10.9645,1.8399,1.3047,13.5000,6.6945,-15.0000,1
1.7100,-13.4976,10.9839,1.8367,1.3139,13.5000,6.5984,-15.0000,1
1.7150,-13.5933,11.0031,1.8335,1.3231,13.5000,6.5024,-15.0000,1
1.7200,-13.6889,11.0221,1.8303,1.3322,13.5000,6.4067,-15.0000,1
1.7250,-13.7843,11.0408,1.8273,1.3414,13.5000,6.3111,-15.0000,1
1.7300,-13.8796,11.0593,1.8242,1.3505,13.5000,6.2157,-15.0000,1
1.7350,-13.9746,11.0775,1.8213,1.3596,13.5000,6.1204,-15.0000,1
1.7400,-14.0695,11.0955,1.8183,1.3687,13.5000,6.0254,-15.0000,1
1.7450,-14.1643,11.1134,1.8155,1.3778,13.5000,5.9305,-15.0000,1
1.7500,-14.2588,11.1310,1.8126,1.3869,13.5000,5.8357,-15.0000,1
1.7550,-14.3532,11.1484,1.8099,1.3960,13.5000,5.7412,-15.0000,1
1.7600,-14.4475,11.1657,1.8071,1.4050,13.5000,5.6468,-15.0000,1
1.7650,-14.5416,11.1828,1.8044,1.4141,13.5000,5.5525,-15.0000,1
1.7700,-14.6355,11.1997,1.8018,1.4231,13.5000,5.4584,-15.0000,1
1.7750,-14.7293,11.2165,1.7992,1.4321,13.5000,5.3645,-15.0000,1
1.7800,-14.8229,11.2331,1.7966,1.4411,13.5000,5.2707,-15.0000,1
1.7850,-14.9164,11.2495,1.7941,1.4501,13.5000,5.1771,-15.0000,1
1.7900,-15.0097,11.2659,1.7916,1.4590,13.5000,5.0836,-15.0000,1
1.7950,-15.1029,11.2821,1.7891,1.4680,13.5000,4.9903,-15.0000,1
1.8000,-15.1959,11.2981,1.7867,1.4769,13.5000,4.8971,-15.0000,1
1.8050,-15.2888,11.3140,1.7843,1.4859,13.5000,4.8041,-15.0000,1
1.8100,-15.3815,11.3299,1.7820,1.4948,13.5000,4.7112,-15.0000,1
1.8150,-15.4741,11.3456,1.7797,1.5037,13.5000,4.6185,-15.0000,1
1.8200,-15.5666,11.3612,1.7774,1.5126,13.5000,4.5259,-15.0000,1
1.8250,-15.6589,11.3767,1.7751,1.5215,13.5000,4.4334,-15.0000,1
1.8300,-15.7511,11.3921,1.7729,1.5304,13.5000,4.3411,-15.0000,1
1.8350,-15.8432,11.4074,1.7707,1.5392,13.5000,4.2489,-15.0000,1
1.8400,-15.9351,11.4226,1.7685,1.5481,13.5000,4.1568,-15.0000,1
1.8450,-16.0269,11.4377,1.7664,1.5569,13.5000,4.0649,-15.0000,1
1.8500,-16.1185,11.4527,1.7642,1.5658,13.5000,3.9731,-15.0000,1
1.8550,-16.2101,11.4677,1.7621,1.5746,13.5000,3.8815,-15.0000,1
1.8600,-16.3015,11.4826,1.7601,1.5834,13.5000,3.7899,-15.0000,1
1.8650,-16.3927,11.4974,1.7580,1.5922,13.5000,3.6985,-15.0000,1
1.8700,-16.4839,11.5122,1.7560,1.6010,13.5000,3.6073,-15.0000,1
1.8750,-16.5749,11.5269,1.7540,1.6098,13.5000,3.5161,-15.0000,1
1.8800,-16.6658,11.5415,1.7520,1.6185,13.5000,3.4251,-15.0000,1
1.8850,-16.7566,11.5560,1.7500,1.6273,13.5000,3.3342,-15.0000,1
1.8900,-16.8472,11.5705,1.7481,1.6360,13.5000,3.2434,-15.0000,1
1.8950,-16.9378,11.5850,1.7462,1.6448,13.5000,3.1528,-15.0000,1
1.9000,-17.0282,11.5994,1.7443,1.6535,13.5000,3.0622,-15.0000,1
1.9050,-17.1185,11.6137,1.7424,1.6622,13.5000,2.9718,-15.0000,1
1.9100,-17.2087,11.6280,1.7405,1.6710,13.5000,2.8815,-15.0000,1
1.9150,-17.2987,11.6423,1.7386,1.6797,13.5000,2.7913,-15.0000,1
1.9200,-17.3887,11.6565,1.7368,1.6883,13.5000,2.7013,-15.0000,1
1.9250,-17.4785,11.6707,1.7350,1.6970,13.5000,2.6113,-15.0000,1
1.9300,-17.5682,11.6848,1.7331,1.7057,13.5000,2.5215,-15.0000,1
1.9350,-17.6578,11.6989,1.7313,1.7144,13.5000,2.4318,-15.0000,1
1.9400,-17.7473,11.7129,1.7295,1.7230,13.5000,2.3422,-15.0000,1
1.9450,-17.8366,11.7270,1.7278,1.7317,13.5000,2.2527,-15.0000,1
1.9500,-17.9259,11.7409,1.7260,1.7403,13.5000,2.1634,-15.0000,1
1.9550,-18.0150,11.7549,1.7243,1.7489,13.5000,2.0741,-15.0000,1
1.9600,-18.1041,11.7688,1.7225,1.7576,13.5000,1.9850,-15.0000,1
1.9650,-18.1930,11.7827,1.7208,1.7662,13.5000,1.8959,-15.0000,1
1.9700,-18.2818,11.7966,1.7191,1.7748,13.5000,1.8070,-15.0000,1
1.9750,-18.3705,11.8104,1.7174,1.7834,13.5000,1.7182,-15.0000,1
1.9800,-18.4591,11.8242,1.7157,1.7920,13.5000,1.6295,-15.0000,1
1.9850,-18.5476,11.8380,1.7140,1.8005,13.5000,1.5409,-15.0000,1
1.9900,-18.6360,11.8518,1.7123,1.8091,13.5000,1.4524,-15.0000,1
1.9950,-18.7242,11.8655,1.7106,1.8177,13.5000,1.3640,-15.0000,1
2.0000,-18.8124,11.8792,1.7090,1.8262,13.5000,1.2758,-15.0000,1
2.0050,-18.9004,11.8929,1.7073,1.8348,13.5000,1.1876,-15.0000,1
2.0100,-18.9884,11.9066,1.7057,1.8433,13.5000,1.0996,-15.0000,1
2.0150,-19.0762,11.9202,1.7040,1.8518,13.5000,1.0116,-15.0000,1
2.0200,-19.1640,11.9339,1.7024,1.8604,13.5000,0.9238,-15.0000,1
2.0250,-19.2516,11.9475,1.7008,1.8689,13.5000,0.8360,-15.0000,1
2.0300,-19.3391,11.9611,1.6992,1.8774,13.5000,0.7484,-15.0000,1
2.0350,-19.4265,11.9746,1.6976,1.8859,13.5000,0.6609,-15.0000,1
2.0400,-19.5139,11.9882,1.6960,1.8944,13.5000,0.5735,-15.0000,1
2.0450,-19.6011,12.0017,1.6944,1.9028,13.5000,0.4861,-15.0000,1
2.0500,-19.6882,12.0153,1.6928,1.9113,13.5000,0.3989,-15.0000,1
2.0550,-19.7752,12.0288,1.6912,1.9198,13.5000,0.3118,-15.0000,1
2.0600,-19.8621,12.0423,1.6896,1.9282,13.5000,0.2248,-15.0000,1
2.0650,-19.9489,12.0557,1.6880,1.9367,13.5000,0.1379,-15.0000,1
2.0700,-20.0356,12.0692,1.6865,1.9451,13.5000,0.0511,-15.0000,1
2.0750,-20.1222,12.0827,1.6849,1.9535,13.5000,-0.0356,-15.0000,1
2.0800,-20.2087,12.0961,1.6833,1.9620,13.5000,-0.1222,-15.0000,1
2.0850,-20.2951,12.1095,1.6818,1.9704,13.5000,-0.2087,-15.0000,1
2.0900,-20.3814,12.1229,1.6802,1.9788,13.5000,-0.2951,-15.0000,1
2.0950,-20.4676,12.1363,1.6787,1.9872,13.5000,-0.3814,-15.0000,1
2.1000,-20.5537,12.1497,1.6771,1.9956,13.5000,-0.4676,-15.0000,1
2.1050,-20.6397,12.1631,1.6756,2.0040,13.5000,-0.5537,-15.0000,1
2.1100,-20.7255,12.1764,1.6741,2.0124,13.5000,-0.6397,-15.0000,1
2.1150,-20.8113,12.1898,1.6725,2.0207,13.5000,-0.7255,-15.0000,1
2.1200,-20.8970,12.2031,1.6710,2.0291,13.5000,-0.8113,-15.0000,1
2.1250,-20.9826,12.2164,1.6695,2.0374,13.5000,-0.8970,-15.0000,1
2.1300,-21.0681,12.2297,1.6679,2.0458,13.5000,-0.9826,-15.0000,1
2.1350,-21.1535,12.2430,1.6664,2.0541,13.5000,-1.0681,-15.0000,1
2.1400,-21.2388,12.2563,1.6649,2.0625,13.5000,-1.1535,-15.0000,1
2.1450,-21.3240,12.2695,1.6634,2.0708,13.5000,-1.2388,-15.0000,1
2.1500,-21.4091,12.2828,1.6619,2.0791,13.5000,-1.3240,-15.0000,1
2.1550,-21.4941,12.2960,1.6604,2.0874,13.5000,-1.4091,-15.0000,1
2.1600,-21.5790,12.3093,1.6589,2.0957,13.5000,-1.4941,-15.0000,1
2.1650,-21.6638,12.3225,1.6574,2.1040,13.5000,-1.5790,-15.0000,1
2.1700,-21.7485,12.3357,1.6559,2.1123,13.5000,-1.6638,-15.0000,1
2.1750,-21.8331,12.3489,1.6544,2.1206,13.5000,-1.7485,-15.0000,1
2.1800,-21.9176,12.3621,1.6529,2.1289,13.5000,-1.8331,-15.0000,1
2.1850,-22.0020,12.3752,1.6514,2.1371,13.5000,-1.9176,-15.0000,1
2.1900,-22.0863,12.3884,1.6499,2.1454,13.5000,-2.0020,-15.0000,1
2.1950,-22.1705,12.4015,1.6484,2.1536,13.5000,-2.0863,-15.0000,1
2.2000,-22.2547,12.4147,1.6469,2.1619,13.5000,-2.1705,-15.0000,1
2.2050,-22.3387,12.4278,1.6455,2.1701,13.5000,-2.2547,-15.0000,1
2.2100,-22.4226,12.4409,1.6440,2.1783,13.5000,-2.3387,-15.0000,1
2.2150,-22.5064,12.4540,1.6425,2.1865,13.5000,-2.4226,-15.0000,1
2.2200,-22.5902,12.4671,1.6410,2.1948,13.5000,-2.5064,-15.0000,1
2.2250,-22.6738,12.4802,1.6396,2.2030,13.5000,-2.5902,-15.0000,1
2.2300,-22.7573,12.4932,1.6381,2.2112,13.5000,-2.6738,-15.0000,1
2.2350,-22.8408,12.5063,1.6366,2.2194,13.5000,-2.7573,-15.0000,1
2.2400,-22.9241,12.5193,1.6352,2.2275,13.5000,-2.8408,-15.0000,1
2.2450,-23.0074,12.5324,1.6337,2.2357,13.5000,-2.9241,-15.0000,1
2.2500,-23.0905,12.5454,1.6322,2.2439,13.5000,-3.0074,-15.0000,1
2.2550,-23.1736,12.5584,1.6308,2.2520,13.5000,-3.0905,-15.0000,1
2.2600,-23.2566,12.5714,1.6293,2.2602,13.5000,-3.1736,-15.0000,1
2.2650,-23.3394,12.5844,1.6279,2.2683,13.5000,-3.2566,-15.0000,1
2.2700,-23.4222,12.5973,1.6264,2.2765,13.5000,-3.3394,-15.0000,1
2.2750,-23.5049,12.6103,1.6249,2.2846,13.5000,-3.4222,-15.0000,1
2.2800,-23.5875,12.6232,1.6235,2.2927,13.5000,-3.5049,-15.0000,1
2.2850,-23.6700,12.6362,1.6220,2.3009,13.5000,-3.5875,-15.0000,1
2.2900,-23.7524,12.6491,1.6206,2.3090,13.5000,-3.6700,-15.0000,1
2.2950,-23.8347,12.6620,1.6191,2.3171,13.5000,-3.7524,-15.0000,1
2.3000,-23.9169,12.6749,1.6177,2.3252,13.5000,-3.8347,-15.0000,1
2.3050,-23.9990,12.6878,1.6162,2.3333,13.5000,-3.9169,-15.0000,1
2.3100,-24.0810,12.7007,1.6148,2.3413,13.5000,-3.9990,-15.0000,1
2.3150,-24.1629,12.7135,1.6134,2.3494,13.5000,-4.0810,-15.0000,1
2.3200,-24.2448,12.7264,1.6119,2.3575,13.5000,-4.1629,-15.0000,1
2.3250,-24.3265,12.7392,1.6105,2.3655,13.5000,-4.2448,-15.0000,1
2.3300,-24.4081,12.7520,1.6091,2.3736,13.5000,-4.3265,-15.0000,1
2.3350,-24.4897,12.7648,1.6076,2.3816,13.5000,-4.4081,-15.0000,1
2.3400,-24.5711,12.7776,1.6062,2.3897,13.5000,-4.4897,-15.0000,1
2.3450,-24.6525,12.7904,1.6048,2.3977,13.5000,-4.5711,-15.0000,1
2.3500,-24.7338,12.8032,1.6033,2.4057,13.5000,-4.6525,-15.0000,1
2.3550,-24.8149,12.8159,1.6019,2.4137,13.5000,-4.7338,-15.0000,1
2.3600,-24.8960,12.8287,1.6005,2.4217,13.5000,-4.8149,-15.0000,1
2.3650,-24.9770,12.8414,1.5990,2.4298,13.5000,-4.8960,-15.0000,1
2.3700,-25.0579,12.8542,1.5976,2.4377,13.5000,-4.9770,-15.0000,1
2.3750,-25.1387,12.8669,1.5962,2.4457,13.5000,-5.0579,-15.0000,1
2.3800,-25.2194,12.8796,1.5948,2.4537,13.5000,-5.1387,-15.0000,1
2.3850,-25.3000,12.8922,1.5934,2.4617,13.5000,-5.2194,-15.0000,1
2.3900,-25.3805,12.9049,1.5919,2.4697,13.5000,-5.3000,-15.0000,1
2.3950,-25.4610,12.9176,1.5905,2.4776,13.5000,-5.3805,-15.0000,1
2.4000,-25.5413,12.9302,1.5891,2.4856,13.5000,-5.4610,-15.0000,1
2.4050,-25.6215,12.9428,1.5877,2.4935,13.5000,-5.5413,-15.0000,1
2.4100,-25.7017,12.9554,1.5863,2.5015,13.5000,-5.6215,-15.0000,1
2.4150,-25.7818,12.9681,1.5849,2.5094,13.5000,-5.7017,-15.0000,1
2.4200,-25.8617,12.9806,1.5835,2.5173,13.5000,-5.7818,-15.0000,1
2.4250,-25.9416,12.9932,1.5820,2.5252,13.5000,-5.8617,-15.0000,1
2.4300,-26.0214,13.0058,1.5806,2.5331,13.5000,-5.9416,-15.0000,1
2.4350,-26.1011,13.0183,1.5792,2.5410,13.5000,-6.0214,-15.0000,1
2.4400,-26.1807,13.0309,1.5778,2.5489,13.5000,-6.1011,-15.0000,1
2.4450,-26.2602,13.0434,1.5764,2.5568,13.5000,-6.1807,-15.0000,1
2.4500,-26.3396,13.0559,1.5750,2.5647,13.5000,-6.2602,-15.0000,1
2.4550,-26.4189,13.0684,1.5736,2.5726,13.5000,-6.3396,-15.0000,1
2.4600,-26.4982,13.0809,1.5722,2.5805,13.5000,-6.4189,-15.0000,1
2.4650,-26.5773,13.0934,1.5708,2.5883,13.5000,-6.4982,-15.0000,1
2.4700,-26.6564,13.1058,1.5694,2.5962,13.5000,-6.5773,-15.0000,1
2.4750,-26.7353,13.1183,1.5681,2.6040,13.5000,-6.6564,-15.0000,1
2.4800,-26.8142,13.1307,1.5667,2.6119,13.5000,-6.7353,-15.0000,1
2.4850,-26.8930,13.1431,1.5653,2.6197,13.5000,-6.8142,-15.0000,1
2.4900,-26.9717,13.1555,1.5639,2.6275,13.5000,-6.8930,-15.0000,1
2.4950,-27.0503,13.1679,1.5625,2.6353,13.5000,-6.9717,-15.0000,1
2.5000,-27.1288,13.1803,1.5611,2.6431,13.5000,-7.0503,-15.0000,1
2.5050,-27.2072,13.1926,1.5597,2.6510,13.5000,-7.1288,-15.0000,1
2.5100,-27.2855,13.2050,1.5583,2.6587,13.5000,-7.2072,-15.0000,1
2.5150,-27.3638,13.2173,1.5570,2.6665,13.5000,-7.2855,-15.0000,1
2.5200,-27.4419,13.2296,1.5556,2.6743,13.5000,-7.3638,-15.0000,1
2.5250,-27.5200,13.2420,1.5542,2.6821,13.5000,-7.4419,-15.0000,1
2.5300,-27.5979,13.2543,1.5528,2.6899,13.5000,-7.5200,-15.0000,1
2.5350,-27.6758,13.2665,1.5514,2.6976,13.5000,-7.5979,-15.0000,1
2.5400,-27.7536,13.2788,1.5501,2.7054,13.5000,-7.6758,-15.0000,1
2.5450,-27.8313,13.2911,1.5487,2.7131,13.5000,-7.7536,-15.0000,1
2.5500,-27.9089,13.3033,1.5473,2.7209,13.5000,-7.8313,-15.0000,1
2.5550,-27.9864,13.3155,1.5460,2.7286,13.5000,-7.9089,-15.0000,1
2.5600,-28.0639,13.3277,1.5446,2.7364,13.5000,-7.9864,-15.0000,1
2.5650,-28.1412,13.3399,1.5432,2.7441,13.5000,-8.0639,-15.0000,1
2.5700,-28.2185,13.3521,1.5419,2.7518,13.5000,-8.1412,-15.0000,1
2.5750,-28.2956,13.3643,1.5405,2.7595,13.5000,-8.2185,-15.0000,1
2.5800,-28.3727,13.3765,1.5391,2.7672,13.5000,-8.2956,-15.0000,1
2.5850,-28.4497,13.3886,1.5378,2.7749,13.5000,-8.3727,-15.0000,1
2.5900,-28.5266,13.4007,1.5364,2.7826,13.5000,-8.4497,-15.0000,1
2.5950,-28.6034,13.4129,1.5351,2.7903,13.5000,-8.5266,-15.0000,1
2.6000,-28.6801,13.4250,1.5337,2.7979,13.5000,-8.6034,-15.0000,1
2.6050,-28.7568,13.4370,1.5323,2.8056,13.5000,-8.6801,-15.0000,1
2.6100,-28.8333,13.4491,1.5310,2.8133,13.5000,-8.7568,-15.0000,1
2.6150,-28.9098,13.4612,1.5296,2.8209,13.5000,-8.8333,-15.0000,1
2.6200,-28.9861,13.4732,1.5283,2.8286,13.5000,-8.9098,-15.0000,1
2.6250,-29.0624,13.4853,1.5269,2.8362,13.5000,-8.9861,-15.0000,1
2.6300,-29.1386,13.4973,1.5256,2.8439,13.5000,-9.0624,-15.0000,1
2.6350,-29.2147,13.5093,1.5242,2.8515,13.5000,-9.1386,-15.0000,1
2.6400,-29.2907,13.5213,1.5229,2.8591,13.5000,-9.2147,-15.0000,1
2.6450,-29.3666,13.5333,1.5216,2.8667,13.5000,-9.2907,-15.0000,1
2.6500,-29.4425,13.5453,1.5202,2.8743,13.5000,-9.3666,-15.0000,1
2.6550,-29.5182,13.5572,1.5189,2.8819,13.5000,-9.4425,-15.0000,1
2.6600,-29.5939,13.5692,1.5175,2.8895,13.5000,-9.5182,-15.0000,1
2.6650,-29.6695,13.5811,1.5162,2.8971,13.5000,-9.5939,-15.0000,1
2.6700,-29.7450,13.5930,1.5149,2.9047,13.5000,-9.6695,-15.0000,1
2.6750,-29.8204,13.6049,1.5135,2.9123,13.5000,-9.7450,-15.0000,1
2.6800,-29.8957,13.6168,1.5122,2.9198,13.5000,-9.8204,-15.0000,1
2.6850,-29.9709,13.6287,1.5109,2.9274,13.5000,-9.8957,-15.0000,1
2.6900,-30.0461,13.6405,1.5095,2.9350,13.5000,-9.9709,-15.0000,1
2.6950,-30.1211,13.6524,1.5082,2.9425,13.5000,-10.0461,-15.0000,1
2.7000,-30.1961,13.6642,1.5069,2.9500,13.5000,-10.1211,-15.0000,1
2.7050,-30.2710,13.6760,1.5056,2.9576,13.5000,-10.1961,-15.0000,1
2.7100,-30.3458,13.6878,1.5042,2.9651,13.5000,-10.2710,-15.0000,1
2.7150,-30.4205,13.6996,1.5029,2.9726,13.5000,-10.3458,-15.0000,1
2.7200,-30.4951,13.7114,1.5016,2.9801,13.5000,-10.4205,-15.0000,1
2.7250,-30.5697,13.7232,1.5003,2.9876,13.5000,-10.4951,-15.0000,1
2.7300,-30.6441,13.7349,1.4990,2.9951,13.5000,-10.5697,-15.0000,1
2.7350,-30.7185,13.7466,1.4976,3.0026,13.5000,-10.6441,-15.0000,1
2.7400,-30.7928,13.7584,1.4963,3.0101,13.5000,-10.7185,-15.0000,1
2.7450,-30.8670,13.7701,1.4950,3.0176,13.5000,-10.7928,-15.0000,1
2.7500,-30.9411,13.7818,1.4937,3.0251,13.5000,-10.8670,-15.0000,1
2.7550,-31.0151,13.7935,1.4924,3.0326,13.5000,-10.9411,-15.0000,1
2.7600,-31.0891,13.8051,1.4911,3.0400,13.5000,-11.0151,-15.0000,1
2.7650,-31.1629,13.8168,1.4898,3.0475,13.5000,-11.0891,-15.0000,1
2.7700,-31.2367,13.8284,1.4885,3.0549,13.5000,-11.1629,-15.0000,1
2.7750,-31.3104,13.8401,1.4872,3.0624,13.5000,-11.2367,-15.0000,1
2.7800,-31.3840,13.8517,1.4859,3.0698,13.5000,-11.3104,-15.0000,1
2.7850,-31.4575,13.8633,1.4846,3.0772,13.5000,-11.3840,-15.0000,1
2.7900,-31.5309,13.8749,1.4833,3.0847,13.5000,-11.4575,-15.0000,1
2.7950,-31.6043,13.8865,1.4820,3.0921,13.5000,-11.5309,-15.0000,1
2.8000,-31.6775,13.8980,1.4807,3.0995,13.5000,-11.6043,-15.0000,1
2.8050,-31.7507,13.9096,1.4794,3.1069,13.5000,-11.6775,-15.0000,1
2.8100,-31.8238,13.9211,1.4781,3.1143,13.5000,-11.7507,-15.0000,1
2.8150,-31.8968,13.9326,1.4768,3.1217,13.5000,-11.8238,-15.0000,1
2.8200,-31.9697,13.9442,1.4755,3.1291,13.5000,-11.8968,-15.0000,1
2.8250,-32.0426,13.9557,1.4742,3.1364,13.5000,-11.9697,-15.0000,1
2.8300,-32.1153,13.9671,1.4729,3.1438,13.5000,-12.0426,-15.0000,1
2.8350,-32.1880,13.9786,1.4716,3.1512,13.5000,-12.1153,-15.0000,1
2.8400,-32.2606,13.9901,1.4703,3.1585,13.5000,-12.1880,-15.0000,1
2.8450,-32.3331,14.0015,1.4691,3.1659,13.5000,-12.2606,-15.0000,1
2.8500,-32.4055,14.0129,1.4678,3.1732,13.5000,-12.3331,-15.0000,1
2.8550,-32.4778,14.0244,1.4665,3.1806,13.5000,-12.4055,-15.0000,1
2.8600,-32.5501,14.0358,1.4652,3.1879,13.5000,-12.4778,-15.0000,1
2.8650,-32.6223,14.0472,1.4639,3.1952,13.5000,-12.5501,-15.0000,1
2.8700,-32.6944,14.0585,1.4627,3.2025,13.5000,-12.6223,-15.0000,1
2.8750,-32.7664,14.0699,1.4614,3.2099,13.5000,-12.6944,-15.0000,1
2.8800,-32.8383,14.0813,1.4601,3.2172,13.5000,-12.7664,-15.0000,1
2.8850,-32.9101,14.0926,1.4588,3.2245,13.5000,-12.8383,-15.0000,1
2.8900,-32.9819,14.1039,1.4576,3.2318,13.5000,-12.9101,-15.0000,1
2.8950,-33.0536,14.1152,1.4563,3.2390,13.5000,-12.9819,-15.0000,1
2.9000,-33.1251,14.1265,1.4550,3.2463,13.5000,-13.0536,-15.0000,1
2.9050,-33.1967,14.1378,1.4538,3.2536,13.5000,-13.1251,-15.0000,1
2.9100,-33.2681,14.1491,1.4525,3.2609,13.5000,-13.1967,-15.0000,1
2.9150,-33.3394,14.1604,1.4512,3.2681,13.5000,-13.2681,-15.0000,1
2.9200,-33.4107,14.1716,1.4500,3.2754,13.5000,-13.3394,-15.0000,1
2.9250,-33.4819,14.1829,1.4487,3.2826,13.5000,-13.4107,-15.0000,1
2.9300,-33.5530,14.1941,1.4475,3.2899,13.5000,-13.4819,-15.0000,1
2.9350,-33.6240,14.2053,1.4462,3.2971,13.5000,-13.5530,-15.0000,1
2.9400,-33.6949,14.2165,1.4450,3.3043,13.5000,-13.6240,-15.0000,1
2.9450,-33.7658,14.2277,1.4437,3.3116,13.5000,-13.6949,-15.0000,1
2.9500,-33.8365,14.2388,1.4424,3.3188,13.5000,-13.7658,-15.0000,1
2.9550,-33.9072,14.2500,1.4412,3.3260,13.5000,-13.8365,-15.0000,1
2.9600,-33.9778,14.2611,1.4399,3.3332,13.5000,-13.9072,-15.0000,1
2.9650,-34.0483,14.2723,1.4387,3.3404,13.5000,-13.9778,-15.0000,1
2.9700,-34.1188,14.2834,1.4374,3.3476,13.5000,-14.0483,-15.0000,1
2.9750,-34.1891,14.2945,1.4362,3.3548,13.5000,-14.1188,-15.0000,1
2.9800,-34.2594,14.3056,1.4350,3.3620,13.5000,-14.1891,-15.0000,1
2.9850,-34.3296,14.3167,1.4337,3.3691,13.5000,-14.2594,-15.0000,1
2.9900,-34.3997,14.3277,1.4325,3.3763,13.5000,-14.3296,-15.0000,1
2.9950,-34.4698,14.3388,1.4312,3.3835,13.5000,-14.3997,-15.0000,1
3.0000,-34.5397,14.3498,1.4300,3.3906,13.5000,-14.4698,-15.0000,1
3.0050,-34.6096,14.3609,1.4288,3.3978,13.5000,-14.5397,-15.0000,1
3.0100,-34.6794,14.3719,1.4275,3.4049,13.5000,-14.6096,-15.0000,1
3.0150,-34.7491,14.3829,1.4263,3.4121,13.5000,-14.6794,-15.0000,1
3.0200,-34.8188,14.3939,1.4251,3.4192,13.5000,-14.7491,-15.0000,1
3.0250,-34.8883,14.4049,1.4238,3.4263,13.5000,-14.8188,-15.0000,1
3.0300,-34.9578,14.4158,1.4226,3.4334,13.5000,-14.8883,-15.0000,1
3.0350,-35.0272,14.4268,1.4214,3.4406,13.5000,-14.9578,-15.0000,1
3.0400,-35.0965,14.4377,1.4201,3.4477,13.5000,-15.0272,-15.0000,1
3.0450,-35.1657,14.4487,1.4189,3.4548,13.5000,-15.0965,-15.0000,1
3.0500,-35.2349,14.4596,1.4177,3.4619,13.5000,-15.1657,-15.0000,1
3.0550,-35.3040,14.4705,1.4165,3.4689,13.5000,-15.2349,-15.0000,1
3.0600,-35.3730,14.4814,1.4152,3.4760,13.5000,-15.3040,-15.0000,1
3.0650,-35.4419,14.4923,1.4140,3.4831,13.5000,-15.3730,-15.0000,1
3.0700,-35.5107,14.5031,1.4128,3.4902,13.5000,-15.4419,-15.0000,1
3.0750,-35.5795,14.5140,1.4116,3.4972,13.5000,-15.5107,-15.0000,1
3.0800,-35.6481,14.5248,1.4104,3.5043,13.5000,-15.5795,-15.0000,1
3.0850,-35.7167,14.5356,1.4092,3.5113,13.5000,-15.6481,-15.0000,1
3.0900,-35.7853,14.5465,1.4079,3.5184,13.5000,-15.7167,-15.0000,1
3.0950,-35.8537,14.5573,1.4067,3.5254,13.5000,-15.7853,-15.0000,1
3.1000,-35.9221,14.5681,1.4055,3.5325,13.5000,-15.8537,-15.0000,1
3.1050,-35.9903,14.5788,1.4043,3.5395,13.5000,-15.9221,-15.0000,1
3.1100,-36.0585,14.5896,1.4031,3.5465,13.5000,-15.9903,-15.0000,1
3.1150,-36.1267,14.6003,1.4019,3.5535,13.5000,-16.0585,-15.0000,1
3.1200,-36.1947,14.6111,1.4007,3.5605,13.5000,-16.1267,-15.0000,1
3.1250,-36.2627,14.6218,1.3995,3.5675,13.5000,-16.1947,-15.0000,1
3.1300,-36.3306,14.6325,1.3983,3.5745,13.5000,-16.2627,-15.0000,1
3.1350,-36.3984,14.6432,1.3971,3.5815,13.5000,-16.3306,-15.0000,1
3.1400,-36.4661,14.6539,1.3959,3.5885,13.5000,-16.3984,-15.0000,1
3.1450,-36.5338,14.6646,1.3947,3.5955,13.5000,-16.4661,-15.0000,1
3.1500,-36.6013,14.6753,1.3935,3.6025,13.5000,-16.5338,-15.0000,1
3.1550,-36.6688,14.6859,1.3923,3.6094,13.5000,-16.6013,-15.0000,1
3.1600,-36.7363,14.6966,1.3911,3.6164,13.5000,-16.6688,-15.0000,1
3.1650,-36.8036,14.7072,1.3899,3.6234,13.5000,-16.7363,-15.0000,1
3.1700,-36.8709,14.7178,1.3887,3.6303,13.5000,-16.8036,-15.0000,1
3.1750,-36.9380,14.7284,1.3875,3.6372,13.5000,-16.8709,-15.0000,1
3.1800,-37.0052,14.7390,1.3863,3.6442,13.5000,-16.9380,-15.0000,1
3.1850,-37.0722,14.7496,1.3852,3.6511,13.5000,-17.0052,-15.0000,1
3.1900,-37.1391,14.7602,1.3840,3.6580,13.5000,-17.0722,-15.0000,1
3.1950,-37.2060,14.7707,1.3828,3.6650,13.5000,-17.1391,-15.0000,1
3.2000,-37.2728,14.7813,1.3816,3.6719,13.5000,-17.2060,-15.0000,1
3.2050,-37.3395,14.7918,1.3804,3.6788,13.5000,-17.2728,-15.0000,1
3.2100,-37.4062,14.8023,1.3792,3.6857,13.5000,-17.3395,-15.0000,1
3.2150,-37.4728,14.8128,1.3781,3.6926,13.5000,-17.4062,-15.0000,1
3.2200,-37.5393,14.8233,1.3769,3.6995,13.5000,-17.4728,-15.0000,1
3.2250,-37.6057,14.8338,1.3757,3.7064,13.5000,-17.5393,-15.0000,1
3.2300,-37.6720,14.8443,1.3745,3.7132,13.5000,-17.6057,-15.0000,1
3.2350,-37.7383,14.8547,1.3734,3.7201,13.5000,-17.6720,-15.0000,1
3.2400,-37.8045,14.8652,1.3722,3.7270,13.5000,-17.7383,-15.0000,1
3.2450,-37.8706,14.8756,1.3710,3.7338,13.5000,-17.8045,-15.0000,1
3.2500,-37.9366,14.8861,1.3698,3.7407,13.5000,-17.8706,-15.0000,1
3.2550,-38.0026,14.8965,1.3687,3.7475,13.5000,-17.9366,-15.0000,1
3.2600,-38.0684,14.9069,1.3675,3.7544,13.5000,-18.0026,-15.0000,1
3.2650,-38.1343,14.9173,1.3663,3.7612,13.5000,-18.0684,-15.0000,1
3.2700,-38.2000,14.9276,1.3652,3.7681,13.5000,-18.1343,-15.0000,1
3.2750,-38.2656,14.9380,1.3640,3.7749,13.5000,-18.2000,-15.0000,1
3.2800,-38.3312,14.9483,1.3629,3.7817,13.5000,-18.2656,-15.0000,1
3.2850,-38.3967,14.9587,1.3617,3.7885,13.5000,-18.3312,-15.0000,1
3.2900,-38.4621,14.9690,1.3605,3.7953,13.5000,-18.3967,-15.0000,1
3.2950,-38.5275,14.9793,1.3594,3.8021,13.5000,-18.4621,-15.0000,1
3.3000,-38.5928,14.9896,1.3582,3.8089,13.5000,-18.5275,-15.0000,1
3.3050,-38.6580,14.9999,1.3571,3.8157,13.5000,-18.5928,-15.0000,1
3.3100,-38.7231,15.0102,1.3559,3.8225,13.5000,-18.6580,-15.0000,1
3.3150,-38.7882,15.0205,1.3548,3.8293,13.5000,-18.7231,-15.0000,1
3.3200,-38.8531,15.0307,1.3536,3.8361,13.5000,-18.7882,-15.0000,1
3.3250,-38.9180,15.0410,1.3525,3.8428,13.5000,-18.8531,-15.0000,1
3.3300,-38.9829,15.0512,1.3513,3.8496,13.5000,-18.9180,-15.0000,1
3.3350,-39.0476,15.0614,1.3502,3.8563,13.5000,-18.9829,-15.0000,1
3.3400,-39.1123,15.0716,1.3490,3.8631,13.5000,-19.0476,-15.0000,1
3.3450,-39.1769,15.0818,1.3479,3.8698,13.5000,-19.1123,-15.0000,1
3.3500,-39.2414,15.0920,1.3467,3.8766,13.5000,-19.1769,-15.0000,1
3.3550,-39.3059,15.1022,1.3456,3.8833,13.5000,-19.2414,-15.0000,1
3.3600,-39.3702,15.1124,1.3445,3.8900,13.5000,-19.3059,-15.0000,1
3.3650,-39.4345,15.1225,1.3433,3.8968,13.5000,-19.3702,-15.0000,1
3.3700,-39.4988,15.1326,1.3422,3.9035,13.5000,-19.4345,-15.0000,1
3.3750,-39.5629,15.1428,1.3410,3.9102,13.5000,-19.4988,-15.0000,1
3.3800,-39.6270,15.1529,1.3399,3.9169,13.5000,-19.5629,-15.0000,1
3.3850,-39.6910,15.1630,1.3388,3.9236,13.5000,-19.6270,-15.0000,1
3.3900,-39.7550,15.1731,1.3376,3.9303,13.5000,-19.6910,-15.0000,1
3.3950,-39.8188,15.1832,1.3365,3.9370,13.5000,-19.7550,-15.0000,1
3.4000,-39.8826,15.1932,1.3354,3.9437,13.5000,-19.8188,-15.0000,1
3.4050,-39.9463,15.2033,1.3343,3.9503,13.5000,-19.8826,-15.0000,1
3.4100,-40.0100,15.2133,1.3331,3.9570,13.5000,-19.9463,-15.0000,1
3.4150,-40.0735,15.2234,1.3320,3.9637,13.5000,-20.0100,-15.0000,1
3.4200,-40.1370,15.2334,1.3309,3.9703,13.5000,-20.0735,-15.0000,1
3.4250,-40.2004,15.2434,1.3298,3.9770,13.5000,-20.1370,-15.0000,1
3.4300,-40.2638,15.2534,1.3286,3.9836,13.5000,-20.2004,-15.0000,1
3.4350,-40.3271,15.2634,1.3275,3.9903,13.5000,-20.2638,-15.0000,1
3.4400,-40.3903,15.2734,1.3264,3.9969,13.5000,-20.3271,-15.0000,1
3.4450,-40.4534,15.2833,1.3253,4.0035,13.5000,-20.3903,-15.0000,1
3.4500,-40.5164,15.2933,1.3242,4.0102,13.5000,-20.4534,-15.0000,1
3.4550,-40.5794,15.3032,1.3230,4.0168,13.5000,-20.5164,-15.0000,1
3.4600,-40.6423,15.3132,1.3219,4.0234,13.5000,-20.5794,-15.0000,1
3.4650,-40.7052,15.3231,1.3208,4.0300,13.5000,-20.6423,-15.0000,1
3.4700,-40.7679,15.3330,1.3197,4.0366,13.5000,-20.7052,-15.0000,1
3.4750,-40.8306,15.3429,1.3186,4.0432,13.5000,-20.7679,-15.0000,1
3.4800,-40.8932,15.3528,1.3175,4.0498,13.5000,-20.8306,-15.0000,1
3.4850,-40.9558,15.3626,1.3164,4.0564,13.5000,-20.8932,-15.0000,1
3.4900,-41.0183,15.3725,1.3153,4.0630,13.5000,-20.9558,-15.0000,1
3.4950,-41.0807,15.3824,1.3142,4.0696,13.5000,-21.0183,-15.0000,1
3.5000,-41.1430,15.3922,1.3131,4.0761,13.5000,-21.0807,-15.0000,1
3.5050,-41.2053,15.4020,1.3120,4.0827,13.5000,-21.1430,-15.0000,1
3.5100,-41.2675,15.4118,1.3109,4.0893,13.5000,-21.2053,-15.0000,1
3.5150,-41.3296,15.4216,1.3098,4.0958,13.5000,-21.2675,-15.0000,1
3.5200,-41.3916,15.4314,1.3087,4.1024,13.5000,-21.3296,-15.0000,1
3.5250,-41.4536,15.4412,1.3076,4.1089,13.5000,-21.3916,-15.0000,1
3.5300,-41.5155,15.4510,1.3065,4.1154,13.5000,-21.4536,-15.0000,1
3.5350,-41.5773,15.4608,1.3054,4.1220,13.5000,-21.5155,-15.0000,1
3.5400,-41.6391,15.4705,1.3043,4.1285,13.5000,-21.5773,-15.0000,1
3.5450,-41.7008,15.4802,1.3032,4.1350,13.5000,-21.6391,-15.0000,1
3.5500,-41.7624,15.4900,1.3021,4.1415,13.5000,-21.7008,-15.0000,1
3.5550,-41.8239,15.4997,1.3010,4.1480,13.5000,-21.7624,-15.0000,1
3.5600,-41.8854,15.5094,1.2999,4.1546,13.5000,-21.8239,-15.0000,1
3.5650,-41.9468,15.5191,1.2988,4.1611,13.5000,-21.8854,-15.0000,1
3.5700,-42.0081,15.5288,1.2977,4.1675,13.5000,-21.9468,-15.0000,1
3.5750,-42.0694,15.5384,1.2967,4.1740,13.5000,-22.0081,-15.0000,1
3.5800,-42.1306,15.5481,1.2956,4.1805,13.5000,-22.0694,-15.0000,1
3.5850,-42.1917,15.5577,1.2945,4.1870,13.5000,-22.1306,-15.0000,1
3.5900,-42.2528,15.5674,1.2934,4.1935,13.5000,-22.1917,-15.0000,1
3.5950,-42.3137,15.5770,1.2923,4.1999,13.5000,-22.2528,-15.0000,1
3.6000,-42.3746,15.5866,1.2913,4.2064,13.5000,-22.3137,-15.0000,1
3.6050,-42.4355,15.5962,1.2902,4.2129,13.5000,-22.3746,-15.0000,1
3.6100,-42.4963,15.6058,1.2891,4.2193,13.5000,-22.4355,-15.0000,1
3.6150,-42.5570,15.6154,1.2880,4.2257,13.5000,-22.4963,-15.0000,1
3.6200,-42.6176,15.6250,1.2870,4.2322,13.5000,-22.5570,-15.0000,1
3.6250,-42.6781,15.6345,1.2859,4.2386,13.5000,-22.6176,-15.0000,1
3.6300,-42.7386,15.6441,1.2848,4.2451,13.5000,-22.6781,-15.0000,1
3.6350,-42.7991,15.6536,1.2837,4.2515,13.5000,-22.7386,-15.0000,1
3.6400,-42.8594,15.6631,1.2827,4.2579,13.5000,-22.7991,-15.0000,1
3.6450,-42.9197,15.6726,1.2816,4.2643,13.5000,-22.8594,-15.0000,1
3.6500,-42.9799,15.6822,1.2805,4.2707,13.5000,-22.9197,-15.0000,1
3.6550,-43.0400,15.6916,1.2795,4.2771,13.5000,-22.9799,-15.0000,1
3.6600,-43.1001,15.7011,1.2784,4.2835,13.5000,-23.0400,-15.0000,1
3.6650,-43.1601,15.7106,1.2774,4.2899,13.5000,-23.1001,-15.0000,1
3.6700,-43.2200,15.7201,1.2763,4.2963,13.5000,-23.1601,-15.0000,1
3.6750,-43.2799,15.7295,1.2752,4.3027,13.5000,-23.2200,-15.0000,1
3.6800,-43.3397,15.7389,1.2742,4.3091,13.5000,-23.2799,-15.0000,1
3.6850,-43.3994,15.7484,1.2731,4.3154,13.5000,-23.3397,-15.0000,1
3.6900,-43.4591,15.7578,1.2721,4.3218,13.5000,-23.3994,-15.0000,1
3.6950,-43.5187,15.7672,1.2710,4.3282,13.5000,-23.4591,-15.0000,1
3.7000,-43.5782,15.7766,1.2699,4.3345,13.5000,-23.5187,-15.0000,1
3.7050,-43.6376,15.7860,1.2689,4.3409,13.5000,-23.5782,-15.0000,1
3.7100,-43.6970,15.7954,1.2678,4.3472,13.5000,-23.6376,-15.0000,1
3.7150,-43.7563,15.8047,1.2668,4.3535,13.5000,-23.6970,-15.0000,1
3.7200,-43.8156,15.8141,1.2657,4.3599,13.5000,-23.7563,-15.0000,1
3.7250,-43.8748,15.8234,1.2647,4.3662,13.5000,-23.8156,-15.0000,1
3.7300,-43.9339,15.8327,1.2637,4.3725,13.5000,-23.8748,-15.0000,1
3.7350,-43.9929,15.8421,1.2626,4.3788,13.5000,-23.9339,-15.0000,1
3.7400,-44.0519,15.8514,1.2616,4.3852,13.5000,-23.9929,-15.0000,1
3.7450,-44.1108,15.8607,1.2605,4.3915,13.5000,-24.0519,-15.0000,1
3.7500,-44.1696,15.8700,1.2595,4.3978,13.5000,-24.1108,-15.0000,1
3.7550,-44.2284,15.8792,1.2584,4.4041,13.5000,-24.1696,-15.0000,1
3.7600,-44.2871,15.8885,1.2574,4.4104,13.5000,-24.2284,-15.0000,1
3.7650,-44.3457,15.8978,1.2564,4.4166,13.5000,-24.2871,-15.0000,1
3.7700,-44.4043,15.9070,1.2553,4.4229,13.5000,-24.3457,-15.0000,1
3.7750,-44.4628,15.9162,1.2543,4.4292,13.5000,-24.4043,-15.0000,1
3.7800,-44.5212,15.9255,1.2533,4.4355,13.5000,-24.4628,-15.0000,1
3.7850,-44.5796,15.9347,1.2522,4.4417,13.5000,-24.5212,-15.0000,1
3.7900,-44.6379,15.9439,1.2512,4.4480,13.5000,-24.5796,-15.0000,1
3.7950,-44.6961,15.9531,1.2502,4.4543,13.5000,-24.6379,-15.0000,1
3.8000,-44.7543,15.9622,1.2491,4.4605,13.5000,-24.6961,-15.0000,1
3.8050,-44.8124,15.9714,1.2481,4.4668,13.5000,-24.7543,-15.0000,1
3.8100,-44.8704,15.9806,1.2471,4.4730,13.5000,-24.8124,-15.0000,1
3.8150,-44.9283,15.9897,1.2460,4.4792,13.5000,-24.8704,-15.0000,1
3.8200,-44.9862,15.9989,1.2450,4.4855,13.5000,-24.9283,-15.0000,1
3.8250,-45.0441,16.0080,1.2440,4.4917,13.5000,-24.9862,-15.0000,1
3.8300,-45.1018,16.0171,1.2430,4.4979,13.5000,-25.0441,-15.0000,1
3.8350,-45.1595,16.0262,1.2419,4.5041,13.5000,-25.1018,-15.0000,1
3.8400,-45.2171,16.0353,1.2409,4.5103,13.5000,-25.1595,-15.0000,1
3.8450,-45.2747,16.0444,1.2399,4.5165,13.5000,-25.2171,-15.0000,1
3.8500,-45.3322,16.0535,1.2389,4.5227,13.5000,-25.2747,-15.0000,1
3.8550,-45.3896,16.0625,1.2379,4.5289,13.5000,-25.3322,-15.0000,1
3.8600,-45.4470,16.0716,1.2369,4.5351,13.5000,-25.3896,-15.0000,1
3.8650,-45.5043,16.0806,1.2358,4.5413,13.5000,-25.4470,-15.0000,1
3.8700,-45.5615,16.0897,1.2348,4.5475,13.5000,-25.5043,-15.0000,1
3.8750,-45.6187,16.0987,1.2338,4.5537,13.5000,-25.5615,-15.0000,1
3.8800,-45.6758,16.1077,1.2328,4.5598,13.5000,-25.6187,-15.0000,1
3.8850,-45.7328,16.1167,1.2318,4.5660,13.5000,-25.6758,-15.0000,1
3.8900,-45.7898,16.1257,1.2308,4.5721,13.5000,-25.7328,-15.0000,1
3.8950,-45.8467,16.1347,1.2298,4.5783,13.5000,-25.7898,-15.0000,1
3.9000,-45.9035,16.1437,1.2288,4.5844,13.5000,-25.8467,-15.0000,1
3.9050,-45.9603,16.1526,1.2278,4.5906,13.5000,-25.9035,-15.0000,1
3.9100,-46.0170,16.1616,1.2268,4.5967,13.5000,-25.9603,-15.0000,1
3.9150,-46.0736,16.1705,1.2258,4.6029,13.5000,-26.0170,-15.0000,1
3.9200,-46.1302,16.1794,1.2248,4.6090,13.5000,-26.0736,-15.0000,1
3.9250,-46.1867,16.1884,1.2238,4.6151,13.5000,-26.1302,-15.0000,1
3.9300,-46.2431,16.1973,1.2228,4.6212,13.5000,-26.1867,-15.0000,1
3.9350,-46.2995,16.2062,1.2218,4.6274,13.5000,-26.2431,-15.0000,1
3.9400,-46.3558,16.2150,1.2208,4.6335,13.5000,-26.2995,-15.0000,1
3.9450,-46.4121,16.2239,1.2198,4.6396,13.5000,-26.3558,-15.0000,1
3.9500,-46.4683,16.2328,1.2188,4.6457,13.5000,-26.4121,-15.0000,1
3.9550,-46.5244,16.2417,1.2178,4.6518,13.5000,-26.4683,-15.0000,1
3.9600,-46.5804,16.2505,1.2168,4.6578,13.5000,-26.5244,-15.0000,1
3.9650,-46.6364,16.2593,1.2158,4.6639,13.5000,-26.5804,-15.0000,1
3.9700,-46.6923,16.2682,1.2148,4.6700,13.5000,-26.6364,-15.0000,1
3.9750,-46.7482,16.2770,1.2138,4.6761,13.5000,-26.6923,-15.0000,1
3.9800,-46.8040,16.2858,1.2128,4.6822,13.5000,-26.7482,-15.0000,1
3.9850,-46.8597,16.2946,1.2118,4.6882,13.5000,-26.8040,-15.0000,1
3.9900,-46.9154,16.3034,1.2109,4.6943,13.5000,-26.8597,-15.0000,1
3.9950,-46.9710,16.3122,1.2099,4.7003,13.5000,-26.9154,-15.0000,1
4.0000,-47.0265,16.3209,1.2089,4.7064,13.5000,-26.9710,-15.0000,1
4.0050,-47.0820,16.3297,1.2079,4.7124,13.5000,-27.0265,-15.0000,1
4.0100,-47.1374,16.3384,1.2069,4.7185,13.5000,-27.0820,-15.0000,1
4.0150,-47.1928,16.3472,1.2059,4.7245,13.5000,-27.1374,-15.0000,1
4.0200,-47.2480,16.3559,1.2050,4.7305,13.5000,-27.1928,-15.0000,1
4.0250,-47.3033,16.3646,1.2040,4.7366,13.5000,-27.2480,-15.0000,1
4.0300,-47.3584,16.3733,1.2030,4.7426,13.5000,-27.3033,-15.0000,1
4.0350,-47.4135,16.3820,1.2020,4.7486,13.5000,-27.3584,-15.0000,1
4.0400,-47.4685,16.3907,1.2011,4.7546,13.5000,-27.4135,-15.0000,1
4.0450,-47.5235,16.3994,1.2001,4.7606,13.5000,-27.4685,-15.0000,1
4.0500,-47.5784,16.4080,1.1991,4.7666,13.5000,-27.5235,-15.0000,1
4.0550,-47.6332,16.4167,1.1981,4.7726,13.5000,-27.5784,-15.0000,1
4.0600,-47.6880,16.4253,1.1972,4.7786,13.5000,-27.6332,-15.0000,1
4.0650,-47.7427,16.4340,1.1962,4.7846,13.5000,-27.6880,-15.0000,1
4.0700,-47.7974,16.4426,1.1952,4.7906,13.5000,-27.7427,-15.0000,1
4.0750,-47.8519,16.4512,1.1943,4.7965,13.5000,-27.7974,-15.0000,1
4.0800,-47.9065,16.4598,1.1933,4.8025,13.5000,-27.8519,-15.0000,1
4.0850,-47.9609,16.4684,1.1923,4.8085,13.5000,-27.9065,-15.0000,1
4.0900,-48.0153,16.4770,1.1914,4.8144,13.5000,-27.9609,-15.0000,1
4.0950,-48.0696,16.4856,1.1904,4.8204,13.5000,-28.0153,-15.0000,1
4.1000,-48.1239,16.4941,1.1895,4.8263,13.5000,-28.0696,-15.0000,1
4.1050,-48.1781,16.5027,1.1885,4.8323,13.5000,-28.1239,-15.0000,1
4.1100,-48.2323,16.5113,1.1875,4.8382,13.5000,-28.1781,-15.0000,1
4.1150,-48.2864,16.5198,1.1866,4.8442,13.5000,-28.2323,-15.0000,1
4.1200,-48.3404,16.5283,1.1856,4.8501,13.5000,-28.2864,-15.0000,1
4.1250,-48.3943,16.5368,1.1847,4.8560,13.5000,-28.3404,-15.0000,1
4.1300,-48.4482,16.5453,1.1837,4.8620,13.5000,-28.3943,-15.0000,1
4.1350,-48.5021,16.5538,1.1828,4.8679,13.5000,-28.4482,-15.0000,1
4.1400,-48.5558,16.5623,1.1818,4.8738,13.5000,-28.5021,-15.0000,1
4.1450,-48.6095,16.5708,1.1809,4.8797,13.5000,-28.5558,-15.0000,1
4.1500,-48.6632,16.5793,1.1799,4.8856,13.5000,-28.6095,-15.0000,1
4.1550,-48.7168,16.5877,1.1790,4.8915,13.5000,-28.6632,-15.0000,1
4.1600,-48.7703,16.5962,1.1780,4.8974,13.5000,-28.7168,-15.0000,1
4.1650,-48.8238,16.6046,1.1771,4.9033,13.5000,-28.7703,-15.0000,1
4.1700,-48.8772,16.6130,1.1761,4.9092,13.5000,-28.8238,-15.0000,1
4.1750,-48.9305,16.6215,1.1752,4.9150,13.5000,-28.8772,-15.0000,1
4.1800,-48.9838,16.6299,1.1742,4.9209,13.5000,-28.9305,-15.0000,1
4.1850,-49.0370,16.6383,1.1733,4.9268,13.5000,-28.9838,-15.0000,1
4.1900,-49.0901,16.6467,1.1723,4.9327,13.5000,-29.0370,-15.0000,1
4.1950,-49.1432,16.6550,1.1714,4.9385,13.5000,-29.0901,-15.0000,1
4.2000,-49.1963,16.6634,1.1705,4.9444,13.5000,-29.1432,-15.0000,1
4.2050,-49.2492,16.6718,1.1695,4.9502,13.5000,-29.1963,-15.0000,1
4.2100,-49.3022,16.6801,1.1686,4.9561,13.5000,-29.2492,-15.0000,1
4.2150,-49.3550,16.6885,1.1677,4.9619,13.5000,-29.3022,-15.0000,1
4.2200,-49.4078,16.6968,1.1667,4.9678,13.5000,-29.3550,-15.0000,1
4.2250,-49.4605,16.7051,1.1658,4.9736,13.5000,-29.4078,-15.0000,1
4.2300,-49.5132,16.7134,1.1649,4.9794,13.5000,-29.4605,-15.0000,1
4.2350,-49.5658,16.7217,1.1639,4.9852,13.5000,-29.5132,-15.0000,1
4.2400,-49.6183,16.7300,1.1630,4.9911,13.5000,-29.5658,-15.0000,1
4.2450,-49.6708,16.7383,1.1621,4.9969,13.5000,-29.6183,-15.0000,1
4.2500,-49.7232,16.7466,1.1611,5.0027,13.5000,-29.6708,-15.0000,1
4.2550,-49.7756,16.7549,1.1602,5.0085,13.5000,-29.7232,-15.0000,1
4.2600,-49.8279,16.7631,1.1593,5.0143,13.5000,-29.7756,-15.0000,1
4.2650,-49.8801,16.7714,1.1584,5.0201,13.5000,-29.8279,-15.0000,1
4.2700,-49.9323,16.7796,1.1574,5.0259,13.5000,-29.8801,-15.0000,1
4.2750,-49.9844,16.7878,1.1565,5.0317,13.5000,-29.9323,-15.0000,1
4.2800,-50.0365,16.7961,1.1556,5.0375,13.5000,-29.9844,-15.0000,1
4.2850,-50.0885,16.8043,1.1547,5.0432,13.5000,-30.0365,-15.0000,1
4.2900,-50.1405,16.8125,1.1538,5.0490,13.5000,-30.0885,-15.0000,1
4.2950,-50.1923,16.8207,1.1528,5.0548,13.5000,-30.1405,-15.0000,1
4.3000,-50.2442,16.8288,1.1519,5.0605,13.5000,-30.1923,-15.0000,1
4.3050,-50.2959,16.8370,1.1510,5.0663,13.5000,-30.2442,-15.0000,1
4.3100,-50.3476,16.8452,1.1501,5.0721,13.5000,-30.2959,-15.0000,1
4.3150,-50.3993,16.8533,1.1492,5.0778,13.5000,-30.3476,-15.0000,1
4.3200,-50.4508,16.8615,1.1483,5.0836,13.5000,-30.3993,-15.0000,1
4.3250,-50.5024,16.8696,1.1473,5.0893,13.5000,-30.4508,-15.0000,1
4.3300,-50.5538,16.8777,1.1464,5.0950,13.5000,-30.5024,-15.0000,1
4.3350,-50.6052,16.8858,1.1455,5.1008,13.5000,-30.5538,-15.0000,1
4.3400,-50.6566,16.8939,1.1446,5.1065,13.5000,-30.6052,-15.0000,1
4.3450,-50.7079,16.9020,1.1437,5.1122,13.5000,-30.6566,-15.0000,1
4.3500,-50.7591,16.9101,1.1428,5.1179,13.5000,-30.7079,-15.0000,1
4.3550,-50.8103,16.9182,1.1419,5.1236,13.5000,-30.7591,-15.0000,1
4.3600,-50.8614,16.9263,1.1410,5.1294,13.5000,-30.8103,-15.0000,1
4.3650,-50.9124,16.9343,1.1401,5.1351,13.5000,-30.8614,-15.0000,1
4.3700,-50.9634,16.9424,1.1392,5.1408,13.5000,-30.9124,-15.0000,1
4.3750,-51.0143,16.9504,1.1383,5.1465,13.5000,-30.9634,-15.0000,1
4.3800,-51.0652,16.9584,1.1374,5.1521,13.5000,-31.0143,-15.0000,1
4.3850,-51.1160,16.9665,1.1365,5.1578,13.5000,-31.0652,-15.0000,1
4.3900,-51.1668,16.9745,1.1356,5.1635,13.5000,-31.1160,-15.0000,1
4.3950,-51.2175,16.9825,1.1347,5.1692,13.5000,-31.1668,-15.0000,1
4.4000,-51.2681,16.9905,1.1338,5.1749,13.5000,-31.2175,-15.0000,1
4.4050,-51.3187,16.9985,1.1329,5.1805,13.5000,-31.2681,-15.0000,1
4.4100,-51.3692,17.0064,1.1320,5.1862,13.5000,-31.3187,-15.0000,1
4.4150,-51.4197,17.0144,1.1311,5.1919,13.5000,-31.3692,-15.0000,1
4.4200,-51.4701,17.0223,1.1302,5.1975,13.5000,-31.4197,-15.0000,1
4.4250,-51.5205,17.0303,1.1293,5.2032,13.5000,-31.4701,-15.0000,1
4.4300,-51.5707,17.0382,1.1284,5.2088,13.5000,-31.5205,-15.0000,1
4.4350,-51.6210,17.0462,1.1275,5.2145,13.5000,-31.5707,-15.0000,1
4.4400,-51.6711,17.0541,1.1266,5.2201,13.5000,-31.6210,-15.0000,1
4.4450,-51.7213,17.0620,1.1258,5.2257,13.5000,-31.6711,-15.0000,1
4.4500,-51.7713,17.0699,1.1249,5.2314,13.5000,-31.7213,-15.0000,1
4.4550,-51.8213,17.0778,1.1240,5.2370,13.5000,-31.7713,-15.0000,1
4.4600,-51.8713,17.0857,1.1231,5.2426,13.5000,-31.8213,-15.0000,1
4.4650,-51.9212,17.0935,1.1222,5.2482,13.5000,-31.8713,-15.0000,1
4.4700,-51.9710,17.1014,1.1213,5.2538,13.5000,-31.9212,-15.0000,1
4.4750,-52.0207,17.1093,1.1205,5.2594,13.5000,-31.9710,-15.0000,1
4.4800,-52.0705,17.1171,1.1196,5.2650,13.5000,-32.0207,-15.0000,1
4.4850,-52.1201,17.1250,1.1187,5.2706,13.5000,-32.0705,-15.0000,1
4.4900,-52.1697,17.1328,1.1178,5.2762,13.5000,-32.1201,-15.0000,1
4.4950,-52.2193,17.1406,1.1169,5.2818,13.5000,-32.1697,-15.0000,1
4.5000,-52.2687,17.1484,1.1161,5.2874,13.5000,-32.2193,-15.0000,1
4.5050,-52.3182,17.1562,1.1152,5.2930,13.5000,-32.2687,-15.0000,1
4.5100,-52.3675,17.1640,1.1143,5.2986,13.5000,-32.3182,-15.0000,1
4.5150,-52.4168,17.1718,1.1134,5.3041,13.5000,-32.3675,-15.0000,1
4.5200,-52.4661,17.1796,1.1126,5.3097,13.5000,-32.4168,-15.0000,1
4.5250,-52.5153,17.1873,1.1117,5.3153,13.5000,-32.4661,-15.0000,1
4.5300,-52.5644,17.1951,1.1108,5.3208,13.5000,-32.5153,-15.0000,1
4.5350,-52.6135,17.2028,1.1100,5.3264,13.5000,-32.5644,-15.0000,1
4.5400,-52.6626,17.2106,1.1091,5.3319,13.5000,-32.6135,-15.0000,1
4.5450,-52.7115,17.2183,1.1082,5.3375,13.5000,-32.6626,-15.0000,1
4.5500,-52.7605,17.2260,1.1074,5.3430,13.5000,-32.7115,-15.0000,1
4.5550,-52.8093,17.2337,1.1065,5.3485,13.5000,-32.7605,-15.0000,1
4.5600,-52.8581,17.2414,1.1056,5.3541,13.5000,-32.8093,-15.0000,1
4.5650,-52.9069,17.2491,1.1048,5.3596,13.5000,-32.8581,-15.0000,1
4.5700,-52.9556,17.2568,1.1039,5.3651,13.5000,-32.9069,-15.0000,1
4.5750,-53.0042,17.2645,1.1030,5.3706,13.5000,-32.9556,-15.0000,1
4.5800,-53.0528,17.2722,1.1022,5.3762,13.5000,-33.0042,-15.0000,1
4.5850,-53.1013,17.2798,1.1013,5.3817,13.5000,-33.0528,-15.0000,1
4.5900,-53.1498,17.2875,1.1005,5.3872,13.5000,-33.1013,-15.0000,1
4.5950,-53.1982,17.2951,1.0996,5.3927,13.5000,-33.1498,-15.0000,1
4.6000,-53.2465,17.3028,1.0988,5.3982,13.5000,-33.1982,-15.0000,1
4.6050,-53.2948,17.3104,1.0979,5.4037,13.5000,-33.2465,-15.0000,1
4.6100,-53.3431,17.3180,1.0970,5.4092,13.5000,-33.2948,-15.0000,1
4.6150,-53.3912,17.3256,1.0962,5.4147,13.5000,-33.3431,-15.0000,1
4.6200,-53.4394,17.3332,1.0953,5.4201,13.5000,-33.3912,-15.0000,1
4.6250,-53.4875,17.3408,1.0945,5.4256,13.5000,-33.4394,-15.0000,1
4.6300,-53.5355,17.3484,1.0936,5.4311,13.5000,-33.4875,-15.0000,1
4.6350,-53.5834,17.3559,1.0928,5.4365,13.5000,-33.5355,-15.0000,1
4.6400,-53.6314,17.3635,1.0919,5.4420,13.5000,-33.5834,-15.0000,1
4.6450,-53.6792,17.3711,1.0911,5.4475,13.5000,-33.6314,-15.0000,1
4.6500,-53.7270,17.3786,1.0902,5.4529,13.5000,-33.6792,-15.0000,1
4.6550,-53.7748,17.3861,1.0894,5.4584,13.5000,-33.7270,-15.0000,1
4.6600,-53.8224,17.3937,1.0886,5.4638,13.5000,-33.7748,-15.0000,1
4.6650,-53.8701,17.4012,1.0877,5.4693,13.5000,-33.8224,-15.0000,1
4.6700,-53.9177,17.4087,1.0869,5.4747,13.5000,-33.8701,-15.0000,1
4.6750,-53.9652,17.4162,1.0860,5.4801,13.5000,-33.9177,-15.0000,1
4.6800,-54.0127,17.4237,1.0852,5.4856,13.5000,-33.9652,-15.0000,1
4.6850,-54.0601,17.4312,1.0843,5.4910,13.5000,-34.0127,-15.0000,1
4.6900,-54.1074,17.4387,1.0835,5.4964,13.5000,-34.0601,-15.0000,1
4.6950,-54.1547,17.4461,1.0827,5.5018,13.5000,-34.1074,-15.0000,1
4.7000,-54.2020,17.4536,1.0818,5.5073,13.5000,-34.1547,-15.0000,1
4.7050,-54.2492,17.4610,1.0810,5.5127,13.5000,-34.2020,-15.0000,1
4.7100,-54.2963,17.4685,1.0802,5.5181,13.5000,-34.2492,-15.0000,1
4.7150,-54.3434,17.4759,1.0793,5.5235,13.5000,-34.2963,-15.0000,1
4.7200,-54.3904,17.4833,1.0785,5.5289,13.5000,-34.3434,-15.0000,1
4.7250,-54.4374,17.4907,1.0777,5.5343,13.5000,-34.3904,-15.0000,1
4.7300,-54.4844,17.4982,1.0768,5.5396,13.5000,-34.4374,-15.0000,1
4.7350,-54.5312,17.5056,1.0760,5.5450,13.5000,-34.4844,-15.0000,1
4.7400,-54.5780,17.5129,1.0752,5.5504,13.5000,-34.5312,-15.0000,1
4.7450,-54.6248,17.5203,1.0743,5.5558,13.5000,-34.5780,-15.0000,1
4.7500,-54.6715,17.5277,1.0735,5.5612,13.5000,-34.6248,-15.0000,1
4.7550,-54.7182,17.5351,1.0727,5.5665,13.5000,-34.6715,-15.0000,1
4.7600,-54.7648,17.5424,1.0719,5.5719,13.5000,-34.7182,-15.0000,1
4.7650,-54.8113,17.5498,1.0710,5.5772,13.5000,-34.7648,-15.0000,1
4.7700,-54.8578,17.5571,1.0702,5.5826,13.5000,-34.8113,-15.0000,1
4.7750,-54.9043,17.5644,1.0694,5.5880,13.5000,-34.8578,-15.0000,1
4.7800,-54.9506,17.5718,1.0686,5.5933,13.5000,-34.9043,-15.0000,1
4.7850,-54.9970,17.5791,1.0678,5.5986,13.5000,-34.9506,-15.0000,1
4.7900,-55.0433,17.5864,1.0669,5.6040,13.5000,-34.9970,-15.0000,1
4.7950,-55.0895,17.5937,1.0661,5.6093,13.5000,-35.0433,-15.0000,1
4.8000,-55.1357,17.6010,1.0653,5.6146,13.5000,-35.0895,-15.0000,1
4.8050,-55.1818,17.6082,1.0645,5.6200,13.5000,-35.1357,-15.0000,1
4.8100,-55.2278,17.6155,1.0637,5.6253,13.5000,-35.1818,-15.0000,1
4.8150,-55.2739,17.6228,1.0629,5.6306,13.5000,-35.2278,-15.0000,1
4.8200,-55.3198,17.6300,1.0620,5.6359,13.5000,-35.2739,-15.0000,1
4.8250,-55.3657,17.6373,1.0612,5.6412,13.5000,-35.3198,-15.0000,1
4.8300,-55.4116,17.6445,1.0604,5.6465,13.5000,-35.3657,-15.0000,1
4.8350,-55.4574,17.6517,1.0596,5.6518,13.5000,-35.4116,-15.0000,1
4.8400,-55.5031,17.6590,1.0588,5.6571,13.5000,-35.4574,-15.0000,1
4.8450,-55.5488,17.6662,1.0580,5.6624,13.5000,-35.5031,-15.0000,1
4.8500,-55.5945,17.6734,1.0572,5.6677,13.5000,-35.5488,-15.0000,1
4.8550,-55.6401,17.6806,1.0564,5.6730,13.5000,-35.5945,-15.0000,1
4.8600,-55.6856,17.6878,1.0556,5.6783,13.5000,-35.6401,-15.0000,1
4.8650,-55.7311,17.6950,1.0548,5.6836,13.5000,-35.6856,-15.0000,1
4.8700,-55.7765,17.7021,1.0540,5.6888,13.5000,-35.7311,-15.0000,1
4.8750,-55.8219,17.7093,1.0531,5.6941,13.5000,-35.7765,-15.0000,1
4.8800,-55.8672,17.7164,1.0523,5.6994,13.5000,-35.8219,-15.0000,1
4.8850,-55.9125,17.7236,1.0515,5.7046,13.5000,-35.8672,-15.0000,1
4.8900,-55.9577,17.7307,1.0507,5.7099,13.5000,-35.9125,-15.0000,1
4.8950,-56.0029,17.7379,1.0499,5.7152,13.5000,-35.9577,-15.0000,1
4.9000,-56.0480,17.7450,1.0491,5.7204,13.5000,-36.0029,-15.0000,1
4.9050,-56.0931,17.7521,1.0483,5.7257,13.5000,-36.0480,-15.0000,1
4.9100,-56.1381,17.7592,1.0474,5.7309,13.5000,-36.0931,-14.9851,1
4.9150,-56.1831,17.7663,1.0461,5.7361,13.5000,-36.1381,-14.9476,1
4.9200,-56.2279,17.7733,1.0443,5.7414,13.5000,-36.1831,-14.8991,1
4.9250,-56.2727,17.7802,1.0419,5.7466,13.5000,-36.2279,-14.8371,1
4.9300,-56.3174,17.7870,1.0387,5.7518,13.5000,-36.2727,-14.7582,1
4.9350,-56.3618,17.7935,1.0347,5.7570,13.5000,-36.3174,-14.6584,1
4.9400,-56.4061,17.7997,1.0295,5.7622,13.5000,-36.3618,-14.5324,1
4.9450,-56.4501,17.8054,1.0229,5.7673,13.5000,-36.4061,-14.3740,1
4.9500,-56.4938,17.8106,1.0146,5.7724,13.5000,-36.4501,-14.1752,1
4.9550,-56.5370,17.8151,1.0041,5.7775,13.5000,-36.4938,-13.9264,1
4.9600,-56.5797,17.8186,0.9908,5.7825,13.5000,-36.5370,-13.6152,1
4.9650,-56.6218,17.8210,0.9743,5.7875,13.5000,-36.5797,-13.2266,1
4.9700,-56.6630,17.8218,0.9535,5.7923,13.5000,-36.6218,-12.7417,1
4.9750,-56.7032,17.8208,0.9275,5.7971,13.5000,-36.6630,-12.1372,1
4.9800,-56.7420,17.8173,0.8951,5.8017,13.5000,-36.7032,-11.3841,1
4.9850,-56.7793,17.8109,0.8546,5.8062,13.5000,-36.7420,-10.4463,1
4.9900,-56.8146,17.8008,0.8042,5.8105,13.5000,-36.7793,-9.2790,1
4.9950,-56.8474,17.7860,0.7414,5.8145,13.5000,-36.8146,-7.8265,1
5.0000,-56.8770,17.7654,0.6632,5.8182,13.5000,-36.8474,-6.0196,1
5.0050,-56.9028,17.7375,0.5659,5.8215,13.5000,-36.8770,-3.7724,1
5.0100,-56.9238,17.7007,0.4448,5.8244,13.5000,-36.9028,-0.9779,1
5.0150,-56.9388,17.6526,0.2941,5.8266,13.5000,-36.9238,2.4964,1
5.0200,-56.9463,17.5905,0.1068,5.8281,13.5000,-36.9388,6.8156,1
5.0250,-56.9446,17.5110,-0.1262,5.8286,13.5000,-36.9463,12.1847,1
5.0300,-56.9314,17.4099,-0.3758,5.8280,13.5000,-36.9446,15.0000,1
5.0350,-56.9058,17.2859,-0.6117,5.8261,13.5000,-36.9314,15.0000,1
5.0400,-56.8685,17.1408,-0.8346,5.8230,13.5000,-36.9058,15.0000,1
5.0450,-56.8202,16.9762,-1.0450,5.8189,13.5000,-36.8685,15.0000,1
5.0500,-56.7614,16.7938,-1.2435,5.8136,13.5000,-36.8202,15.0000,1
5.0550,-56.6927,16.5952,-1.4306,5.8074,13.5000,-36.7614,15.0000,1
5.0600,-56.6147,16.3816,-1.6067,5.8003,13.5000,-36.6927,15.0000,1
5.0650,-56.5278,16.1545,-1.7724,5.7922,13.5000,-36.6147,15.0000,1
5.0700,-56.4325,15.9152,-1.9282,5.7834,13.5000,-36.5278,15.0000,1
5.0750,-56.3295,15.6649,-2.0744,5.7737,13.5000,-36.4325,15.0000,1
5.0800,-56.2190,15.4047,-2.2116,5.7633,13.5000,-36.3295,15.0000,1
5.0850,-56.1016,15.1358,-2.3401,5.7523,13.5000,-36.2190,15.0000,1
5.0900,-55.9776,14.8590,-2.4603,5.7406,13.5000,-36.1016,15.0000,1
5.0950,-55.8475,14.5754,-2.5727,5.7283,13.5000,-35.9776,15.0000,1
5.1000,-55.7117,14.2859,-2.6776,5.7154,13.5000,-35.8475,15.0000,1
5.1050,-55.5704,13.9914,-2.7753,5.7020,13.5000,-35.7117,15.0000,1
5.1100,-55.4241,13.6925,-2.8663,5.6882,13.5000,-35.5704,15.0000,1
5.1150,-55.2731,13.3901,-2.9507,5.6738,13.5000,-35.4241,15.0000,1
5.1200,-55.1177,13.0849,-3.0291,5.6591,13.5000,-35.2731,15.0000,1
5.1250,-54.9582,12.7775,-3.1015,5.6439,13.5000,-35.1177,15.0000,1
5.1300,-54.7949,12.4685,-3.1685,5.6284,13.5000,-34.9582,15.0000,1
5.1350,-54.6280,12.1585,-3.2301,5.6126,13.5000,-34.7949,15.0000,1
5.1400,-54.4579,11.8480,-3.2868,5.5964,13.5000,-34.6280,15.0000,1
5.1450,-54.2847,11.5376,-3.3387,5.5800,13.5000,-34.4579,15.0000,1
5.1500,-54.1087,11.2276,-3.3861,5.5633,13.5000,-34.2847,15.0000,1
5.1550,-53.9301,10.9185,-3.4293,5.5464,13.5000,-34.1087,15.0000,1
5.1600,-53.7492,10.6108,-3.4684,5.5292,13.5000,-33.9301,15.0000,1
5.1650,-53.5661,10.3047,-3.5038,5.5119,13.5000,-33.7492,15.0000,1
5.1700,-53.3810,10.0006,-3.5355,5.4944,13.5000,-33.5661,15.0000,1
5.1750,-53.1941,9.6988,-3.5638,5.4767,13.5000,-33.3810,15.0000,1
5.1800,-53.0056,9.3995,-3.5890,5.4589,13.5000,-33.1941,15.0000,1
5.1850,-52.8156,9.1032,-3.6110,5.4409,13.5000,-33.0056,15.0000,1
5.1900,-52.6244,8.8099,-3.6303,5.4229,13.5000,-32.8156,15.0000,1
5.1950,-52.4319,8.5199,-3.6468,5.4047,13.5000,-32.6244,15.0000,1
5.2000,-52.2384,8.2334,-3.6608,5.3865,13.5000,-32.4319,15.0000,1
5.2050,-52.0440,7.9506,-3.6725,5.3682,13.5000,-32.2384,15.0000,1
5.2100,-51.8488,7.6715,-3.6819,5.3498,13.5000,-32.0440,15.0000,1
5.2150,-51.6529,7.3965,-3.6892,5.3314,13.5000,-31.8488,15.0000,1
5.2200,-51.4564,7.1255,-3.6946,5.3130,13.5000,-31.6529,15.0000,1
5.2250,-51.2595,6.8587,-3.6981,5.2945,13.5000,-31.4564,15.0000,1
5.2300,-51.0622,6.5963,-3.6999,5.2760,13.5000,-31.2595,15.0000,1
5.2350,-50.8647,6.3381,-3.7002,5.2575,13.5000,-31.0622,15.0000,1
5.2400,-50.6669,6.0844,-3.6989,5.2390,13.5000,-30.8647,15.0000,1
5.2450,-50.4690,5.8352,-3.6962,5.2205,13.5000,-30.6669,15.0000,1
5.2500,-50.2711,5.5905,-3.6923,5.2020,13.5000,-30.4690,15.0000,1
5.2550,-50.0732,5.3504,-3.6871,5.1836,13.5000,-30.2711,15.0000,1
5.2600,-49.8754,5.1148,-3.6809,5.1651,13.5000,-30.0732,15.0000,1
5.2650,-49.6777,4.8839,-3.6736,5.1467,13.5000,-29.8754,15.0000,1
5.2700,-49.4802,4.6576,-3.6654,5.1283,13.5000,-29.6777,15.0000,1
5.2750,-49.2829,4.4359,-3.6563,5.1100,13.5000,-29.4802,15.0000,1
5.2800,-49.0860,4.2187,-3.6464,5.0917,13.5000,-29.2829,15.0000,1
5.2850,-48.8894,4.0062,-3.6358,5.0735,13.5000,-29.0860,15.0000,1
5.2900,-48.6932,3.7982,-3.6245,5.0553,13.5000,-28.8894,15.0000,1
5.2950,-48.4973,3.5948,-3.6126,5.0372,13.5000,-28.6932,15.0000,1
5.3000,-48.3020,3.3958,-3.6002,5.0191,13.5000,-28.4973,15.0000,1
5.3050,-48.1071,3.2013,-3.5873,5.0011,13.5000,-28.3020,15.0000,1
5.3100,-47.9128,3.0113,-3.5739,4.9832,13.5000,-28.1071,15.0000,1
5.3150,-47.7189,2.8256,-3.5602,4.9653,13.5000,-27.9128,15.0000,1
5.3200,-47.5257,2.6442,-3.5461,4.9475,13.5000,-27.7189,15.0000,1
5.3250,-47.3330,2.4671,-3.5317,4.9298,13.5000,-27.5257,15.0000,1
5.3300,-47.1409,2.2942,-3.5170,4.9121,13.5000,-27.3330,15.0000,1
5.3350,-46.9495,2.1255,-3.5021,4.8946,13.5000,-27.1409,15.0000,1
5.3400,-46.7587,1.9609,-3.4870,4.8771,13.5000,-26.9495,15.0000,1
5.3450,-46.5685,1.8003,-3.4718,4.8596,13.5000,-26.7587,15.0000,1
5.3500,-46.3790,1.6436,-3.4564,4.8423,13.1355,-26.5685,15.0000,1
5.3550,-46.1901,1.4909,-3.4410,4.8250,12.6867,-26.3790,15.0000,1
5.3600,-46.0020,1.3419,-3.4255,4.8078,12.2491,-26.1901,15.0000,1
5.3650,-45.8145,1.1968,-3.4099,4.7906,11.8225,-26.0020,15.0000,1
5.3700,-45.6277,1.0553,-3.3943,4.7736,11.4066,-25.8145,15.0000,1
5.3750,-45.4416,0.9174,-3.3788,4.7566,11.0013,-25.6277,15.0000,1
5.3800,-45.2562,0.7831,-3.3632,4.7397,10.6064,-25.4416,15.0000,1
5.3850,-45.0716,0.6523,-3.3477,4.7229,10.2216,-25.2562,15.0000,1
5.3900,-44.8876,0.5248,-3.3322,4.7062,9.8467,-25.0716,15.0000,1
5.3950,-44.7043,0.4006,-3.3169,4.6895,9.4815,-24.8876,15.0000,1
5.4000,-44.5217,0.2797,-3.3016,4.6729,9.1259,-24.7043,15.0000,1
5.4050,-44.3399,0.1620,-3.2864,4.6564,8.7795,-24.5217,15.0000,1
5.4100,-44.1587,0.0474,-3.2713,4.6400,8.4423,-24.3399,15.0000,1
5.4150,-43.9782,-0.0642,-3.2564,4.6236,8.1139,-24.1587,15.0000,1
5.4200,-43.7984,-0.1729,-3.2416,4.6074,7.7942,-23.9782,15.0000,1
5.4250,-43.6193,-0.2786,-3.2270,4.5911,7.4829,-23.7984,15.0000,1
5.4300,-43.4409,-0.3816,-3.2125,4.5750,7.1799,-23.6193,15.0000,1
5.4350,-43.2632,-0.4818,-3.1982,4.5589,6.8849,-23.4409,15.0000,1
5.4400,-43.0861,-0.5794,-3.1840,4.5430,6.5977,-23.2632,15.0000,1
5.4450,-42.9098,-0.6744,-3.1701,4.5270,6.3182,-23.0861,15.0000,1
5.4500,-42.7340,-0.7668,-3.1563,4.5112,6.0462,-22.9098,15.0000,1
5.4550,-42.5590,-0.8568,-3.1427,4.4954,5.7813,-22.7340,15.0000,1
5.4600,-42.3846,-0.9444,-3.1293,4.4797,5.5235,-22.5590,15.0000,1
5.4650,-42.2108,-1.0297,-3.1161,4.4640,5.2726,-22.3846,15.0000,1
5.4700,-42.0376,-1.1127,-3.1031,4.4485,5.0283,-22.2108,15.0000,1
5.4750,-41.8651,-1.1935,-3.0904,4.4329,4.7904,-22.0376,15.0000,1
5.4800,-41.6932,-1.2722,-3.0778,4.4175,4.5589,-21.8651,15.0000,1
5.4850,-41.5219,-1.3489,-3.0654,4.4021,4.3334,-21.6932,15.0000,1
5.4900,-41.3513,-1.4235,-3.0532,4.3868,4.1139,-21.5219,15.0000,1
5.4950,-41.1812,-1.4962,-3.0413,4.3715,3.9001,-21.3513,15.0000,1
5.5000,-41.0117,-1.5669,-3.0295,4.3563,3.6920,-21.1812,15.0000,1
5.5050,-40.8427,-1.6359,-3.0180,4.3412,3.4892,-21.0117,15.0000,1
5.5100,-40.6744,-1.7031,-3.0066,4.3261,3.2916,-20.8427,15.0000,1
5.5150,-40.5066,-1.7685,-2.9955,4.3110,3.0992,-20.6744,15.0000,1
5.5200,-40.3393,-1.8323,-2.9846,4.2961,2.9117,-20.5066,15.0000,1
5.5250,-40.1726,-1.8945,-2.9739,4.2811,2.7289,-20.3393,15.0000,1
5.5300,-40.0065,-1.9551,-2.9633,4.2663,2.5507,-20.1726,15.0000,1
5.5350,-39.8408,-2.0143,-2.9530,4.2514,2.3771,-20.0065,15.0000,1
5.5400,-39.6757,-2.0719,-2.9429,4.2367,2.2077,-19.8408,15.0000,1
5.5450,-39.5111,-2.1281,-2.9330,4.2220,2.0426,-19.6757,15.0000,1
5.5500,-39.3470,-2.1830,-2.9233,4.2073,1.8814,-19.5111,15.0000,1
5.5550,-39.1833,-2.2366,-2.9138,4.1927,1.7242,-19.3470,15.0000,1
5.5600,-39.0202,-2.2889,-2.9044,4.1781,1.5708,-19.1833,15.0000,1
5.5650,-38.8575,-2.3399,-2.8953,4.1636,1.4210,-19.0202,15.0000,1
5.5700,-38.6953,-2.3898,-2.8863,4.1491,1.2748,-18.8575,15.0000,1
5.5750,-38.5336,-2.4385,-2.8775,4.1347,1.1319,-18.6953,15.0000,1
5.5800,-38.3723,-2.4861,-2.8689,4.1203,0.9924,-18.5336,15.0000,1
5.5850,-38.2115,-2.5326,-2.8605,4.1060,0.8560,-18.3723,15.0000,1
5.5900,-38.0510,-2.5781,-2.8523,4.0917,0.7227,-18.2115,15.0000,1
5.5950,-37.8911,-2.6226,-2.8442,4.0774,0.5923,-18.0510,15.0000,1
5.6000,-37.7315,-2.6662,-2.8363,4.0632,0.4648,-17.8911,15.0000,1
5.6050,-37.5724,-2.7088,-2.8285,4.0490,0.3400,-17.7315,15.0000,1
5.6100,-37.4136,-2.7506,-2.8209,4.0348,0.2179,-17.5724,15.0000,1
5.6150,-37.2553,-2.7914,-2.8135,4.0207,0.0983,-17.4136,15.0000,1
5.6200,-37.0973,-2.8315,-2.8062,4.0067,-0.0188,-17.2553,15.0000,1
5.6250,-36.9398,-2.8708,-2.7991,3.9926,-0.1335,-17.0973,15.0000,1
5.6300,-36.7826,-2.9093,-2.7921,3.9786,-0.2460,-16.9398,15.0000,1
5.6350,-36.6258,-2.9470,-2.7853,3.9647,-0.3563,-16.7826,15.0000,1
5.6400,-36.4693,-2.9841,-2.7786,3.9508,-0.4645,-16.6258,15.0000,1
5.6450,-36.3133,-3.0205,-2.7720,3.9369,-0.5707,-16.4693,15.0000,1
5.6500,-36.1575,-3.0562,-2.7656,3.9230,-0.6749,-16.3133,15.0000,1
5.6550,-36.0021,-3.0913,-2.7593,3.9092,-0.7772,-16.1575,15.0000,1
5.6600,-35.8471,-3.1258,-2.7532,3.8954,-0.8777,-16.0021,15.0000,1
5.6650,-35.6924,-3.1597,-2.7471,3.8816,-0.9765,-15.8471,15.0000,1
5.6700,-35.5380,-3.1930,-2.7412,3.8679,-1.0737,-15.6924,15.0000,1
5.6750,-35.3840,-3.2258,-2.7354,3.8542,-1.1692,-15.5380,15.0000,1
5.6800,-35.2302,-3.2581,-2.7297,3.8405,-1.2632,-15.3840,15.0000,1
5.6850,-35.0768,-3.2900,-2.7241,3.8269,-1.3558,-15.2302,15.0000,1
5.6900,-34.9237,-3.3213,-2.7187,3.8132,-1.4469,-15.0768,15.0000,1
5.6950,-34.7709,-3.3522,-2.7133,3.7996,-1.5367,-14.9237,15.0000,1
5.7000,-34.6184,-3.3826,-2.7081,3.7861,-1.6251,-14.7709,15.0000,1
5.7050,-34.4662,-3.4126,-2.7029,3.7725,-1.7124,-14.6184,15.0000,1
5.7100,-34.3142,-3.4423,-2.6978,3.7590,-1.7984,-14.4662,15.0000,1
5.7150,-34.1626,-3.4715,-2.6929,3.7455,-1.8833,-14.3142,15.0000,1
5.7200,-34.0113,-3.5004,-2.6880,3.7321,-1.9671,-14.1626,15.0000,1
5.7250,-33.8602,-3.5289,-2.6832,3.7186,-2.0498,-14.0113,15.0000,1
5.7300,-33.7094,-3.5571,-2.6785,3.7052,-2.1315,-13.8602,15.0000,1
5.7350,-33.5588,-3.5850,-2.6739,3.6918,-2.2123,-13.7094,15.0000,1
5.7400,-33.4085,-3.6126,-2.6694,3.6784,-2.2921,-13.5588,15.0000,1
5.7450,-33.2585,-3.6398,-2.6649,3.6651,-2.3711,-13.4085,15.0000,1
5.7500,-33.1088,-3.6668,-2.6606,3.6518,-2.4492,-13.2585,15.0000,1
5.7550,-32.9593,-3.6935,-2.6563,3.6385,-2.5265,-13.1088,15.0000,1
5.7600,-32.8100,-3.7200,-2.6520,3.6252,-2.6030,-12.9593,15.0000,1
5.7650,-32.6610,-3.7462,-2.6479,3.6119,-2.6788,-12.8100,15.0000,1
5.7700,-32.5123,-3.7722,-2.6438,3.5987,-2.7539,-12.6610,15.0000,1
5.7750,-32.3637,-3.7979,-2.6397,3.5855,-2.8283,-12.5123,15.0000,1
5.7800,-32.2154,-3.8234,-2.6358,3.5723,-2.9021,-12.3637,15.0000,1
5.7850,-32.0674,-3.8488,-2.6319,3.5591,-2.9752,-12.2154,15.0000,1
5.7900,-31.9196,-3.8739,-2.6280,3.5459,-3.0478,-12.0674,15.0000,1
5.7950,-31.7720,-3.8988,-2.6242,3.5328,-3.1198,-11.9196,15.0000,1
5.8000,-31.6246,-3.9236,-2.6205,3.5197,-3.1912,-11.7720,15.0000,1
5.8050,-31.4775,-3.9482,-2.6168,3.5066,-3.2622,-11.6246,15.0000,1
5.8100,-31.3306,-3.9726,-2.6132,3.4935,-3.3326,-11.4775,15.0000,1
5.8150,-31.1839,-3.9969,-2.6096,3.4804,-3.4026,-11.3306,15.0000,1
5.8200,-31.0374,-4.0210,-2.6061,3.4674,-3.4722,-11.1839,15.0000,1
5.8250,-30.8911,-4.0450,-2.6026,3.4543,-3.5413,-11.0374,15.0000,1
5.8300,-30.7451,-4.0689,-2.5992,3.4413,-3.6100,-10.8911,15.0000,1
5.8350,-30.5992,-4.0926,-2.5958,3.4283,-3.6783,-10.7451,15.0000,1
5.8400,-30.4536,-4.1162,-2.5924,3.4154,-3.7463,-10.5992,15.0000,1
5.8450,-30.3081,-4.1397,-2.5891,3.4024,-3.8139,-10.4536,15.0000,1
5.8500,-30.1629,-4.1630,-2.5858,3.3894,-3.8811,-10.3081,15.0000,1
5.8550,-30.0179,-4.1863,-2.5826,3.3765,-3.9481,-10.1629,15.0000,1
5.8600,-29.8730,-4.2095,-2.5794,3.3636,-4.0147,-10.0179,15.0000,1
5.8650,-29.7284,-4.2325,-2.5762,3.3507,-4.0811,-9.8730,15.0000,1
5.8700,-29.5840,-4.2555,-2.5731,3.3378,-4.1472,-9.7284,15.0000,1
5.8750,-29.4397,-4.2784,-2.5699,3.3250,-4.2130,-9.5840,15.0000,1
5.8800,-29.2957,-4.3012,-2.5669,3.3121,-4.2785,-9.4397,15.0000,1
5.8850,-29.1518,-4.3239,-2.5638,3.2993,-4.3439,-9.2957,15.0000,1
5.8900,-29.0081,-4.3466,-2.5608,3.2865,-4.4090,-9.1518,15.0000,1
5.8950,-28.8647,-4.3691,-2.5578,3.2737,-4.4738,-9.0081,15.0000,1
5.9000,-28.7214,-4.3916,-2.5549,3.2609,-4.5385,-8.8647,15.0000,1
5.9050,-28.5783,-4.4141,-2.5519,3.2481,-4.6030,-8.7214,15.0000,1
5.9100,-28.4354,-4.4364,-2.5490,3.2353,-4.6673,-8.5783,15.0000,1
5.9150,-28.2926,-4.4588,-2.5461,3.2226,-4.7314,-8.4354,15.0000,1
5.9200,-28.1501,-4.4810,-2.5433,3.2099,-4.7953,-8.2926,15.0000,1
5.9250,-28.0077,-4.5032,-2.5404,3.1971,-4.8590,-8.1501,15.0000,1
5.9300,-27.8655,-4.5254,-2.5376,3.1844,-4.9227,-8.0077,15.0000,1
5.9350,-27.7235,-4.5475,-2.5348,3.1717,-4.9861,-7.8655,15.0000,1
5.9400,-27.5816,-4.5695,-2.5320,3.1591,-5.0000,-7.7235,15.0000,1
5.9450,-27.4400,-4.5915,-2.5293,3.1464,-5.0000,-7.5816,15.0000,1
5.9500,-27.2985,-4.6135,-2.5265,3.1338,-5.0000,-7.4400,15.0000,1
5.9550,-27.1572,-4.6354,-2.5238,3.1211,-5.0000,-7.2985,15.0000,1
5.9600,-27.0161,-4.6573,-2.5211,3.1085,-5.0000,-7.1572,15.0000,1
5.9650,-26.8751,-4.6792,-2.5184,3.0959,-5.0000,-7.0161,15.0000,1
5.9700,-26.7343,-4.7010,-2.5157,3.0833,-5.0000,-6.8751,15.0000,1
5.9750,-26.5937,-4.7227,-2.5131,3.0707,-5.0000,-6.7343,15.0000,1
5.9800,-26.4533,-4.7445,-2.5104,3.0582,-5.0000,-6.5937,15.0000,1
5.9850,-26.3130,-4.7662,-2.5078,3.0456,-5.0000,-6.4533,15.0000,1
5.9900,-26.1729,-4.7878,-2.5052,3.0331,-5.0000,-6.3130,15.0000,1
5.9950,-26.0330,-4.8095,-2.5026,3.0206,-5.0000,-6.1729,15.0000,1
